title,City,full_address,rank_in_city,total_in_rank_list,overall_rating,count_of_reviews,Excellet_count,VGood_count,Average_count,Poor_count,Terrible_count,full_link,rank_quartile
Le Meridien Cambridge - MIT,Cambridge,"20 Sidney St, Cambridge, MA 02139-4122",11,19,4,251,100,82,30,12,10,https://www.tripadvisor.com/Hotel_Review-g60890-d208446-Reviews-Le_Meridien_Cambridge_MIT-Cambridge_Massachusetts.html,3
The Windsor Inn,Cambridge,"85 Windsor St, Cambridge, MA 02139-3605",11,NA,4.5,4,2,2,0,0,0,https://www.tripadvisor.com/Hotel_Review-g60890-d273606-Reviews-The_Windsor_Inn-Cambridge_Massachusetts.html,3
St. Petersburg Marriott Clearwater,St.Petersburg,"12600 Roosevelt Blvd N, St. Petersburg, FL 33716-1931",16,43,4,343,132,116,50,26,10,https://www.tripadvisor.com/Hotel_Review-g34607-d225133-Reviews-St_Petersburg_Marriott_Clearwater-St_Petersburg_Florida.html,3
Comfort Inn & Suites Northeast - Gateway,St.Petersburg,"875 94th Ave N, St. Petersburg, FL 33702-2444",17,43,4.5,213,124,46,18,4,9,https://www.tripadvisor.com/Hotel_Review-g34607-d1008621-Reviews-Comfort_Inn_Suites_Northeast_Gateway-St_Petersburg_Florida.html,3
Magnuson Hotel Marina Cove,St.Petersburg,"6800 Sunshine Skyway Ln S, St. Petersburg, FL 33711-4901",18,43,3.5,633,170,181,113,57,60,https://www.tripadvisor.com/Hotel_Review-g34607-d217438-Reviews-Magnuson_Hotel_Marina_Cove-St_Petersburg_Florida.html,3
The Birchwood,St.Petersburg,"340 Beach Dr NE, St. Petersburg, FL 33701-3406",19,43,4,173,80,45,21,8,16,https://www.tripadvisor.com/Hotel_Review-g34607-d118060-Reviews-The_Birchwood-St_Petersburg_Florida.html,3
Hotel Indigo St Petersburg Downtown North,St.Petersburg,"234 3rd Ave N, St. Petersburg, FL 33701-3322",20,43,3.5,548,156,167,93,55,50,https://www.tripadvisor.com/Hotel_Review-g34607-d1213782-Reviews-Hotel_Indigo_St_Petersburg_Downtown_North-St_Petersburg_Florida.html,3
La Quinta Inn & Suites St. Petersburg Northeast,St.Petersburg,"6638 4th St N, St. Petersburg, FL 33702-6841",21,43,4,328,113,107,49,22,21,https://www.tripadvisor.com/Hotel_Review-g34607-d589615-Reviews-La_Quinta_Inn_Suites_St_Petersburg_Northeast-St_Petersburg_Florida.html,3
The Cordova Inn,St.Petersburg,"253 2nd Ave N, St. Petersburg, FL 33701-3317",22,43,3.5,129,32,36,30,10,11,https://www.tripadvisor.com/Hotel_Review-g34607-d194178-Reviews-The_Cordova_Inn-St_Petersburg_Florida.html,3
Park Shore Resort,Naples,"600 Neapolitan Way, Naples, FL 34103-8597",25,59,4.5,432,172,114,24,17,7,https://www.tripadvisor.com/Hotel_Review-g34467-d85224-Reviews-Park_Shore_Resort-Naples_Florida.html,3
GreenLinks Golf Villas at Lely Resort,Naples,"7995 Mahogany Run Lane, Naples, FL 34113-1625",26,59,4.5,268,160,59,11,8,3,https://www.tripadvisor.com/Hotel_Review-g34467-d265194-Reviews-GreenLinks_Golf_Villas_at_Lely_Resort-Naples_Florida.html,3
Residence Inn Naples,Naples,"4075 Tamiami Trl N, Naples, FL 34103-3509",27,59,4,512,171,156,55,31,6,https://www.tripadvisor.com/Hotel_Review-g34467-d87448-Reviews-Residence_Inn_Naples-Naples_Florida.html,3
Vanderbilt Beach Resort,Naples,"9225 Gulf Shore Dr, Naples, FL 34108-2098",28,59,4.5,246,151,47,7,5,7,https://www.tripadvisor.com/Hotel_Review-g34467-d85230-Reviews-Vanderbilt_Beach_Resort-Naples_Florida.html,3
The Escalante,Naples,"290 5th Ave S, Naples, FL 34102-6522",29,59,4,233,134,46,11,15,23,https://www.tripadvisor.com/Hotel_Review-g34467-d217424-Reviews-The_Escalante-Naples_Florida.html,3
Courtyard Naples,Naples,"3250 Tamiami Trail North, Naples, FL 34103-4105",30,59,4,437,190,102,57,30,14,https://www.tripadvisor.com/Hotel_Review-g34467-d87439-Reviews-Courtyard_Naples-Naples_Florida.html,3
Port of the Islands Everglades Adventure Resort,Naples,"25000 Tamiami Trl E, Naples, FL 34114-9602",31,59,3.5,487,108,150,50,27,37,https://www.tripadvisor.com/Hotel_Review-g34467-d85225-Reviews-Port_of_the_Islands_Everglades_Adventure_Resort-Naples_Florida.html,3
La Quinta Inn & Suites Naples East (I-75),Naples,"185 Bedzel Cir, Naples, FL 34104-0501",32,59,4,536,153,161,88,37,35,https://www.tripadvisor.com/Hotel_Review-g34467-d225179-Reviews-La_Quinta_Inn_Suites_Naples_East_I_75-Naples_Florida.html,3
Harbour Beach Resort,DaytonaBeach,"701 S Atlantic Ave, Daytona Beach, FL 32118-4511",33,74,3.5,157,31,58,23,16,25,https://www.tripadvisor.com/Hotel_Review-g34172-d265193-Reviews-Harbour_Beach_Resort-Daytona_Beach_Florida.html,3
Bayfront Inn 5th Ave,Naples,"1221 5th Ave S, Naples, FL 34102-6417",33,59,4,869,323,261,132,59,47,https://www.tripadvisor.com/Hotel_Review-g34467-d85217-Reviews-Bayfront_Inn_5th_Ave-Naples_Florida.html,3
SpringHill Suites by Marriott Naples,Naples,"3798 White Lake Blvd, Naples, FL 34117-8405",34,59,4,239,88,89,20,7,5,https://www.tripadvisor.com/Hotel_Review-g34467-d1175263-Reviews-SpringHill_Suites_by_Marriott_Naples-Naples_Florida.html,3
Hawaii Motel,DaytonaBeach,"1361 S Ridgewood Ave, Daytona Beach, FL 32114-6129",35,74,4.5,18,8,7,3,0,0,https://www.tripadvisor.com/Hotel_Review-g34172-d8075097-Reviews-Hawaii_Motel-Daytona_Beach_Florida.html,3
La Quinta Inn & Suites Naples Downtown,Naples,"1555 5th Ave S, Naples, FL 34102-3437",35,59,4,736,216,197,100,45,38,https://www.tripadvisor.com/Hotel_Review-g34467-d87447-Reviews-La_Quinta_Inn_Suites_Naples_Downtown-Naples_Florida.html,3
Super 8 Daytona Beach,DaytonaBeach,"1242 S Ridgewood Ave, Daytona Beach, FL 32114-6178",36,74,4,213,67,81,25,17,18,https://www.tripadvisor.com/Hotel_Review-g34172-d534732-Reviews-Super_8_Daytona_Beach-Daytona_Beach_Florida.html,3
Charter Club Resort of Naples Bay,Naples,"1000 10th Ave S, Naples, FL 34102-8211",36,59,4.5,163,81,57,11,4,1,https://www.tripadvisor.com/Hotel_Review-g34467-d87441-Reviews-Charter_Club_Resort_of_Naples_Bay-Naples_Florida.html,3
Fairfield Inn & Suites Daytona Beach Speedway/Airport,DaytonaBeach,"1820 Checkered Flag Blvd, Daytona Beach, FL 32114-1266",37,74,5,4,4,0,0,0,0,https://www.tripadvisor.com/Hotel_Review-g34172-d12806215-Reviews-Fairfield_Inn_Suites_Daytona_Beach_Speedway_Airport-Daytona_Beach_Florida.html,3
Fairfield Inn & Suites by Marriott Naples,Naples,"3808 White Lake Blvd, Naples, FL 34117-8438",37,59,4,264,109,77,26,11,14,https://www.tripadvisor.com/Hotel_Review-g34467-d1479949-Reviews-Fairfield_Inn_Suites_by_Marriott_Naples-Naples_Florida.html,3
Fountain Beach Resort,DaytonaBeach,"313 South Atlantic Ave, Daytona Beach, FL 32118-4503",38,74,3,299,63,92,50,21,63,https://www.tripadvisor.com/Hotel_Review-g34172-d217346-Reviews-Fountain_Beach_Resort-Daytona_Beach_Florida.html,3
White Sands Resort,Naples,"260 3rd St S, Naples, FL 34102-6363",38,59,4.5,57,32,15,2,3,1,https://www.tripadvisor.com/Hotel_Review-g34467-d260238-Reviews-White_Sands_Resort-Naples_Florida.html,3
Roomba Inn & Suites,DaytonaBeach,"133 S Ocean Ave, Daytona Beach, FL 32118-4321",39,74,3.5,438,148,101,70,41,51,https://www.tripadvisor.com/Hotel_Review-g34172-d84357-Reviews-Roomba_Inn_Suites-Daytona_Beach_Florida.html,3
Holiday Inn Express Naples South - I-75,Naples,"3837 Tollgate Blvd, Naples, FL 34114-5487",39,59,4,24,9,7,4,1,0,https://www.tripadvisor.com/Hotel_Review-g34467-d87458-Reviews-Holiday_Inn_Express_Naples_South_I_75-Naples_Florida.html,3
The Suites at Americano Beach,DaytonaBeach,"1260 N Atlantic Ave, Daytona Beach, FL 32118-3692",40,74,3,363,59,103,101,49,46,https://www.tripadvisor.com/Hotel_Review-g34172-d259118-Reviews-The_Suites_at_Americano_Beach-Daytona_Beach_Florida.html,3
Gulfcoast Inn Naples,Naples,"2555 Tamiami Trl N, Naples, FL 34103-4408",40,59,3.5,386,70,92,41,19,27,https://www.tripadvisor.com/Hotel_Review-g34467-d85211-Reviews-Gulfcoast_Inn_Naples-Naples_Florida.html,3
WoodSpring Suites Daytona Speedway,DaytonaBeach,"2940 W International Speedway Blvd, Daytona Beach, FL 32124-1009",41,74,4,36,19,5,3,4,5,https://www.tripadvisor.com/Hotel_Review-g34172-d11979830-Reviews-WoodSpring_Suites_Daytona_Speedway-Daytona_Beach_Florida.html,3
Comfort Inn and Executive Suites,Naples,"3860 Tollgate Blvd, Naples, FL 34114-5444",41,59,3.5,284,67,106,39,19,21,https://www.tripadvisor.com/Hotel_Review-g34467-d85216-Reviews-Comfort_Inn_and_Executive_Suites-Naples_Florida.html,3
Daytona Beach Club Oceanfront Inn,DaytonaBeach,"800 N Atlantic Ave, Daytona Beach, FL 32118-3716",42,74,2.5,65,11,7,10,8,25,https://www.tripadvisor.com/Hotel_Review-g34172-d84328-Reviews-Daytona_Beach_Club_Oceanfront_Inn-Daytona_Beach_Florida.html,3
Red Roof Plus+ and Suites Naples,Naples,"1925 Davis Blvd, Naples, FL 34104-4204",42,59,3.5,611,119,136,82,39,28,https://www.tripadvisor.com/Hotel_Review-g34467-d225182-Reviews-Red_Roof_Plus_and_Suites_Naples-Naples_Florida.html,3
Extended Stay America - Daytona Beach - International Speedway,DaytonaBeach,"255 Bill France Blvd, Daytona Beach, FL 32114-1316",43,74,4,160,86,24,13,19,15,https://www.tripadvisor.com/Hotel_Review-g34172-d88314-Reviews-Extended_Stay_America_Daytona_Beach_International_Speedway-Daytona_Beach_Florida.html,3
Holiday Inn Express Ft. Lauderdale Cruise-Airport,FortLauderdale,"1500 SE 17th St, Fort Lauderdale, FL 33316-1702",43,132,4,902,342,300,129,42,26,https://www.tripadvisor.com/Hotel_Review-g34227-d87417-Reviews-Holiday_Inn_Express_Ft_Lauderdale_Cruise_Airport-Fort_Lauderdale_Broward_County_Florida.html,3
Fairways Inn of Naples,Naples,"103 Palm River Blvd, Naples, FL 34110-5707",43,59,3.5,147,36,44,20,10,13,https://www.tripadvisor.com/Hotel_Review-g34467-d1222084-Reviews-Fairways_Inn_of_Naples-Naples_Florida.html,4
Sea Dip Beach Resort and Condominiums,DaytonaBeach,"1233 S Atlantic Ave, Daytona Beach, FL 32118-4801",44,74,3.5,67,26,12,6,4,17,https://www.tripadvisor.com/Hotel_Review-g34172-d613729-Reviews-Sea_Dip_Beach_Resort_and_Condominiums-Daytona_Beach_Florida.html,3
The Cottages at Naples Bay Resort,Naples,"1800 Tamiami Trl E, Naples, FL 34112-4604",44,59,4,47,21,13,9,1,1,https://www.tripadvisor.com/Hotel_Review-g34467-d1175368-Reviews-The_Cottages_at_Naples_Bay_Resort-Naples_Florida.html,4
Boardwalk Inn and Suites,DaytonaBeach,"301 S Atlantic Ave, Daytona Beach, FL 32118-4503",45,74,3.5,291,66,69,50,30,48,https://www.tripadvisor.com/Hotel_Review-g34172-d276198-Reviews-Boardwalk_Inn_and_Suites-Daytona_Beach_Florida.html,3
Daytona Inn Beach Resort,DaytonaBeach,"219 S Atlantic Ave, Daytona Beach, FL 32118",46,74,3,342,106,68,36,34,95,https://www.tripadvisor.com/Hotel_Review-g34172-d84335-Reviews-Daytona_Inn_Beach_Resort-Daytona_Beach_Florida.html,3
Super Inn Daytona Beach,DaytonaBeach,"1515 South Ridgewood Avenue, Daytona Beach, FL 32114-6133",48,74,3.5,30,8,6,7,0,7,https://www.tripadvisor.com/Hotel_Review-g34172-d247765-Reviews-Super_Inn_Daytona_Beach-Daytona_Beach_Florida.html,3
Days Inn Daytona Beach Downtown,DaytonaBeach,"544 S Ridgewood Ave, Daytona Beach, FL 32114-4930",49,74,3,222,43,50,46,30,40,https://www.tripadvisor.com/Hotel_Review-g34172-d253945-Reviews-Days_Inn_Daytona_Beach_Downtown-Daytona_Beach_Florida.html,3
Budget Inn of Daytona Beach,DaytonaBeach,"640 S Ridgewood Avenue, Daytona Beach, FL 32114",50,74,2.5,5,2,0,0,0,3,https://www.tripadvisor.com/Hotel_Review-g34172-d1146056-Reviews-Budget_Inn_of_Daytona_Beach-Daytona_Beach_Florida.html,3
Super 8 Daytona Beach Oceanfront,DaytonaBeach,"700 N Atlantic Ave, Daytona Beach, FL 32118-3805",51,74,3,631,70,140,153,101,144,https://www.tripadvisor.com/Hotel_Review-g34172-d217342-Reviews-Super_8_Daytona_Beach_Oceanfront-Daytona_Beach_Florida.html,4
Ocean Holiday Motel,DaytonaBeach,"1800 S Atlantic Ave, Daytona Beach, FL 32118",52,74,2.5,12,1,4,1,2,4,https://www.tripadvisor.com/Hotel_Review-g34172-d1628763-Reviews-Ocean_Holiday_Motel-Daytona_Beach_Florida.html,4
Travelers Inn Motel,DaytonaBeach,"735 N Atlantic Ave, Daytona Beach, FL 32118-3804",53,74,2.5,4,0,2,0,0,2,https://www.tripadvisor.com/Hotel_Review-g34172-d5564810-Reviews-Travelers_Inn_Motel-Daytona_Beach_Florida.html,4
The Beachouse,Clearwater,"421 Hamden Dr, Clearwater, FL 33767-2537",54,98,4.5,44,34,5,4,0,0,https://www.tripadvisor.com/Hotel_Review-g34141-d1674834-Reviews-The_Beachouse-Clearwater_Florida.html,3
Mayan Inn,DaytonaBeach,"103 S Ocean Ave, Daytona Beach, FL 32118-4321",54,74,2.5,319,33,76,55,54,88,https://www.tripadvisor.com/Hotel_Review-g34172-d80564-Reviews-Mayan_Inn-Daytona_Beach_Florida.html,4
Residence Inn Clearwater Beach,Clearwater,"309 Coronado Dr, Clearwater, FL 33767-2433",55,98,4,23,10,5,3,1,2,https://www.tripadvisor.com/Hotel_Review-g34141-d12548747-Reviews-Residence_Inn_Clearwater_Beach-Clearwater_Florida.html,3
SpringHill Suites Clearwater Beach,Clearwater,"309 Coronado Dr, Clearwater, FL 33767-2433",56,98,3.5,21,6,8,2,4,0,https://www.tripadvisor.com/Hotel_Review-g34141-d12548782-Reviews-SpringHill_Suites_Clearwater_Beach-Clearwater_Florida.html,3
Seaside Inn & Suites,Clearwater,"401 S Gulfview Blvd, Clearwater, FL 33767-2508",57,98,3.5,537,157,163,95,40,39,https://www.tripadvisor.com/Hotel_Review-g34141-d225028-Reviews-Seaside_Inn_Suites-Clearwater_Florida.html,3
Clarion Inn & Suites,Clearwater,"20967 US Highway 19 N, Clearwater, FL 33765-4439",58,98,3.5,391,73,113,76,48,35,https://www.tripadvisor.com/Hotel_Review-g34141-d84250-Reviews-Clarion_Inn_Suites-Clearwater_Florida.html,3
Clearwater Beach Hotel,Clearwater,"504 S Gulfview Blvd, Clearwater, FL 33767-2533",59,98,3.5,519,72,156,117,34,53,https://www.tripadvisor.com/Hotel_Review-g34141-d678261-Reviews-Clearwater_Beach_Hotel-Clearwater_Florida.html,3
AKA University City,Philadelphia,"2929 Walnut St, Philadelphia, PA 19104-5054",59,89,4.5,34,21,7,3,0,2,https://www.tripadvisor.com/Hotel_Review-g60795-d9998576-Reviews-AKA_University_City-Philadelphia_Pennsylvania.html,3
Days Inn Clearwater/Central,Clearwater,"2940 Gulf To Bay Blvd, Clearwater, FL 33759-4222",60,98,3,575,93,147,162,90,64,https://www.tripadvisor.com/Hotel_Review-g34141-d84238-Reviews-Days_Inn_Clearwater_Central-Clearwater_Florida.html,3
AKA Rittenhouse Square,Philadelphia,"135 S 18th St, Philadelphia, PA 19103-5228",60,89,4.5,131,81,25,5,7,4,https://www.tripadvisor.com/Hotel_Review-g60795-d662409-Reviews-AKA_Rittenhouse_Square-Philadelphia_Pennsylvania.html,3
Candlewood Suites Clearwater,Clearwater,"13231 49th St N, Clearwater, FL 33762-4015",61,98,3.5,205,53,62,36,15,26,https://www.tripadvisor.com/Hotel_Review-g34141-d86239-Reviews-Candlewood_Suites_Clearwater-Clearwater_Florida.html,3
Conwell Inn,Philadelphia,"1331 Polett Walk, Philadelphia, PA 19122",61,89,4,212,53,67,31,12,10,https://www.tripadvisor.com/Hotel_Review-g60795-d225275-Reviews-Conwell_Inn-Philadelphia_Pennsylvania.html,3
Magnuson Hotel Clearwater Central,Clearwater,"21252 US Highway 19 N, Clearwater, FL 33765-2826",62,98,3.5,599,146,187,102,58,46,https://www.tripadvisor.com/Hotel_Review-g34141-d84243-Reviews-Magnuson_Hotel_Clearwater_Central-Clearwater_Florida.html,3
Best Western Plus Philadelphia Convention Center Hotel,Philadelphia,"1225 Vine St, Philadelphia, PA 19107-1116",62,89,3.5,134,44,33,21,12,9,https://www.tripadvisor.com/Hotel_Review-g60795-d11955399-Reviews-Best_Western_Plus_Philadelphia_Convention_Center_Hotel-Philadelphia_Pennsylvania.html,3
Sheraton Suites Philadelphia Airport,Philadelphia,"4101B Island Ave, Philadelphia, PA 19153-3226",63,89,4,16,7,4,2,2,0,https://www.tripadvisor.com/Hotel_Review-g60795-d220058-Reviews-Sheraton_Suites_Philadelphia_Airport-Philadelphia_Pennsylvania.html,3
Magnuson Hotel Clearwater Beach,Clearwater,"421 S Gulfview Blvd, Clearwater, FL 33767-2508",64,98,3.5,388,99,91,89,24,35,https://www.tripadvisor.com/Hotel_Review-g34141-d84271-Reviews-Magnuson_Hotel_Clearwater_Beach-Clearwater_Florida.html,3
Renaissance Philadelphia Airport Hotel,Philadelphia,"500 Stevens Dr, Philadelphia, PA 19113-1610",64,89,3.5,741,147,235,162,115,71,https://www.tripadvisor.com/Hotel_Review-g60795-d96721-Reviews-Renaissance_Philadelphia_Airport_Hotel-Philadelphia_Pennsylvania.html,3
Four Points by Sheraton Philadelphia City Center,Philadelphia,"1201 Race St, Philadelphia, PA 19107-1617",65,89,3.5,492,104,161,95,52,30,https://www.tripadvisor.com/Hotel_Review-g60795-d1176615-Reviews-Four_Points_by_Sheraton_Philadelphia_City_Center-Philadelphia_Pennsylvania.html,3
Delux Inn,Clearwater,"1735 Gulf To Bay Blvd, Clearwater, FL 33755-6503",66,98,3.5,23,8,4,1,0,5,https://www.tripadvisor.com/Hotel_Review-g34141-d4134608-Reviews-Delux_Inn-Clearwater_Florida.html,3
Holiday Inn Philadelphia Stadium,Philadelphia,"900 Packer Ave, Philadelphia, PA 19148-5383",66,89,3.5,799,191,260,159,75,82,https://www.tripadvisor.com/Hotel_Review-g60795-d102519-Reviews-Holiday_Inn_Philadelphia_Stadium-Philadelphia_Pennsylvania.html,3
La Quinta Inn & Suites Clearwater South,Clearwater,"5000 Lake Blvd, Clearwater, FL 33760-5000",67,98,3.5,323,115,76,51,37,28,https://www.tripadvisor.com/Hotel_Review-g34141-d86206-Reviews-La_Quinta_Inn_Suites_Clearwater_South-Clearwater_Florida.html,4
Crowne Plaza Philadelphia West,Philadelphia,"4010 City Ave, Philadelphia, PA 19131-1702",67,89,3.5,575,119,182,127,57,46,https://www.tripadvisor.com/Hotel_Review-g60795-d96698-Reviews-Crowne_Plaza_Philadelphia_West-Philadelphia_Pennsylvania.html,3
Holiday Inn Express Hotel & Suites Clearwater / US 19N,Clearwater,"2580 Gulf To Bay Boulevard, Clearwater, FL 33765-4411",68,98,3.5,229,60,68,44,26,23,https://www.tripadvisor.com/Hotel_Review-g34141-d570161-Reviews-Holiday_Inn_Express_Hotel_Suites_Clearwater_US_19N-Clearwater_Florida.html,4
Red Roof Inn Clearwater Airport,Clearwater,"3580 Ulmerton Rd, Clearwater, FL 33762-4202",69,98,3,64,18,16,7,8,13,https://www.tripadvisor.com/Hotel_Review-g34141-d3595289-Reviews-Red_Roof_Inn_Clearwater_Airport-Clearwater_Florida.html,4
Staybridge Suites Seattle - Fremont,Seattle,"3926 Aurora Ave N, Seattle, WA 98103-7802",69,105,4,123,56,42,7,6,7,https://www.tripadvisor.com/Hotel_Review-g60878-d6610266-Reviews-Staybridge_Suites_Seattle_Fremont-Seattle_Washington.html,3
Clearwater Beach Hotel Suites,Clearwater,"455 S Gulfview Blvd, Clearwater, FL 33767-2508",70,98,3.5,29,2,11,7,2,3,https://www.tripadvisor.com/Hotel_Review-g34141-d88505-Reviews-Clearwater_Beach_Hotel_Suites-Clearwater_Florida.html,4
Holiday Inn Express Hotel & Suites North Seattle - Shoreline,Seattle,"14115 Aurora Ave N, Seattle, WA 98133-6942",70,105,4,298,81,117,48,21,6,https://www.tripadvisor.com/Hotel_Review-g60878-d223217-Reviews-Holiday_Inn_Express_Hotel_Suites_North_Seattle_Shoreline-Seattle_Washington.html,3
GulfView Hotel - On The Beach,Clearwater,"625 S Gulfview Blvd, Clearwater, FL 33767-2643",71,98,3,343,59,83,62,38,72,https://www.tripadvisor.com/Hotel_Review-g34141-d86165-Reviews-GulfView_Hotel_On_The_Beach-Clearwater_Florida.html,4
Hotel Theodore,Seattle,"1531 7th Ave, Seattle, WA 98101-1703",71,105,4.5,37,16,12,2,3,1,https://www.tripadvisor.com/Hotel_Review-g60878-d100589-Reviews-Hotel_Theodore-Seattle_Washington.html,3
Quality Inn,Clearwater,"20162 US Highway 19 N, Clearwater, FL 33764-5008",72,98,3.5,142,42,52,14,13,13,https://www.tripadvisor.com/Hotel_Review-g34141-d84267-Reviews-Quality_Inn-Clearwater_Florida.html,4
Residence Inn Seattle Downtown / Convention Center,Seattle,"1815 Terry Ave, Seattle, WA 98101-2403",72,105,5,9,8,1,0,0,0,https://www.tripadvisor.com/Hotel_Review-g60878-d12970371-Reviews-Residence_Inn_Seattle_Downtown_Convention_Center-Seattle_Washington.html,3
Patio Palms of Clearwater,Clearwater,"1295 Cleveland St, Clearwater, FL 33755-4912",73,98,3.5,3,1,1,0,0,1,https://www.tripadvisor.com/Hotel_Review-g34141-d84255-Reviews-Patio_Palms_of_Clearwater-Clearwater_Florida.html,4
Comfort Inn & Suites Seattle,Seattle,"13700 Aurora Ave N, Seattle, WA 98133-6913",73,105,3.5,286,56,88,73,30,29,https://www.tripadvisor.com/Hotel_Review-g60878-d72598-Reviews-Comfort_Inn_Suites_Seattle-Seattle_Washington.html,3
Gulfway Inn,Clearwater,"2275 Gulf To Bay Blvd, Clearwater, FL 33765-4002",74,98,3.5,75,31,13,10,10,7,https://www.tripadvisor.com/Hotel_Review-g34141-d506437-Reviews-Gulfway_Inn-Clearwater_Florida.html,4
La Quinta Inn & Suites Miami Airport West,Miami,"8730 NW 27th St, Miami, FL 33172-1612",74,128,3.5,761,90,165,97,51,36,https://www.tripadvisor.com/Hotel_Review-g34438-d87067-Reviews-La_Quinta_Inn_Suites_Miami_Airport_West-Miami_Florida.html,3
University Motel Suites,Seattle,"4731 12th Ave NE, Seattle, WA 98105-4401",74,105,4,81,20,42,6,6,1,https://www.tripadvisor.com/Hotel_Review-g60878-d123013-Reviews-University_Motel_Suites-Seattle_Washington.html,3
Castaways Motel,Clearwater,"139 Brightwater Dr, Clearwater, FL 33767-2402",75,98,3.5,25,7,11,0,2,5,https://www.tripadvisor.com/Hotel_Review-g34141-d548187-Reviews-Castaways_Motel-Clearwater_Florida.html,4
SpringHill Suites Miami Doral,Miami,"3895 NW 107th Ave, Miami, FL 33178-4292",75,128,4.5,17,6,6,0,0,0,https://www.tripadvisor.com/Hotel_Review-g34438-d12285436-Reviews-SpringHill_Suites_Miami_Doral-Miami_Florida.html,3
TownePlace Suites Miami Airport,Miami,"4021 NW 11th St, Miami, FL 33126-3672",76,128,4.5,23,13,5,0,0,2,https://www.tripadvisor.com/Hotel_Review-g34438-d11638379-Reviews-TownePlace_Suites_Miami_Airport-Miami_Florida.html,3
Shalimar Motel,Miami,"6200 Biscayne Blvd, Miami, FL 33138-6224",77,128,3.5,303,23,60,33,18,14,https://www.tripadvisor.com/Hotel_Review-g34438-d2531257-Reviews-Shalimar_Motel-Miami_Florida.html,3
Inn at Virginia Mason,Seattle,"1006 Spring St, Seattle, WA 98104-1216",77,105,3.5,249,40,104,55,26,11,https://www.tripadvisor.com/Hotel_Review-g60878-d100538-Reviews-Inn_at_Virginia_Mason-Seattle_Washington.html,3
Miccosukee Resort & Gaming,Miami,"500 SW 177 Ave., Miami, FL 33194-2800",78,128,3.5,367,57,61,67,30,42,https://www.tripadvisor.com/Hotel_Review-g34438-d87066-Reviews-Miccosukee_Resort_Gaming-Miami_Florida.html,3
Baroness Hotel,Seattle,"1005 Spring St, Seattle, WA 98104-1235",78,105,3.5,107,6,42,32,11,9,https://www.tripadvisor.com/Hotel_Review-g60878-d1130160-Reviews-Baroness_Hotel-Seattle_Washington.html,3
WoodSpring Suites Miami Southwest,Miami,"16055 SW 117th Ave, Miami, FL 33177-1609",79,128,4.5,13,7,0,0,0,1,https://www.tripadvisor.com/Hotel_Review-g34438-d12351514-Reviews-WoodSpring_Suites_Miami_Southwest-Miami_Florida.html,3
University Plaza Hotel,Seattle,"400 NE 45th St, Seattle, WA 98105-6157",79,105,5,2,2,0,0,0,0,https://www.tripadvisor.com/Hotel_Review-g60878-d639072-Reviews-University_Plaza_Hotel-Seattle_Washington.html,3
Extended Stay America - Miami - Brickell - Port of Miami,Miami,"298 SW 15th Rd, Miami, FL 33129-1122",81,128,3.5,152,40,24,16,9,16,https://www.tripadvisor.com/Hotel_Review-g34438-d224868-Reviews-Extended_Stay_America_Miami_Brickell_Port_of_Miami-Miami_Florida.html,3
Lenora Street Apartment by Stay Alfred,Seattle,"2121 6th Ave, Seattle, WA 98121-2933",81,105,4.5,3,1,0,1,0,0,https://www.tripadvisor.com/Hotel_Review-g60878-d11700963-Reviews-Lenora_Street_Apartment_by_Stay_Alfred-Seattle_Washington.html,3
Holiday Inn Miami 79th Street,Miami,"7927 NW 7th Ave, Miami, FL 33150-3103",82,128,4.5,8,4,3,0,0,0,https://www.tripadvisor.com/Hotel_Review-g34438-d10189875-Reviews-Holiday_Inn_Miami_79th_Street-Miami_Florida.html,3
Palmeiras Beach Club at Grove Isle,Miami,"4 Grove Isle Dr, Miami, FL 33133-4125",83,128,3.5,411,145,93,59,42,46,https://www.tripadvisor.com/Hotel_Review-g34438-d84993-Reviews-Palmeiras_Beach_Club_at_Grove_Isle-Miami_Florida.html,3
Motel 6 Miami,Miami,"7330 NW 36th St, Miami, FL 33166-6705",84,128,3,137,12,12,18,2,16,https://www.tripadvisor.com/Hotel_Review-g34438-d85195-Reviews-Motel_6_Miami-Miami_Florida.html,3
New Yorker Boutique Hotel,Miami,"6500 Biscayne Blvd, Miami, FL 33138-6230",85,128,3.5,964,108,154,94,55,64,https://www.tripadvisor.com/Hotel_Review-g34438-d1758216-Reviews-New_Yorker_Boutique_Hotel-Miami_Florida.html,3
King Motel,Miami,"7150 Biscayne Blvd, Miami, FL 33138-5702",86,128,3.5,43,9,9,9,0,2,https://www.tripadvisor.com/Hotel_Review-g34438-d2220062-Reviews-King_Motel-Miami_Florida.html,3
Bayside Motor Inn,Miami,"5101 Biscayne Blvd, Miami, FL 33137-3219",88,128,3.5,3,0,0,0,0,1,https://www.tripadvisor.com/Hotel_Review-g34438-d2235315-Reviews-Bayside_Motor_Inn-Miami_Florida.html,3
Extended Stay America - Miami - Airport - Blue Lagoon,Miami,"6605 NW 7th St, Miami, FL 33126-4400",89,128,3,214,25,24,25,22,27,https://www.tripadvisor.com/Hotel_Review-g34438-d217398-Reviews-Extended_Stay_America_Miami_Airport_Blue_Lagoon-Miami_Florida.html,3
Miami Airport Inn,Miami,"1550 S Le Jeune Rd, Miami, FL 33134-3835",90,128,3.5,30,3,1,2,3,3,https://www.tripadvisor.com/Hotel_Review-g34438-d581296-Reviews-Miami_Airport_Inn-Miami_Florida.html,3
Sunnyside Motel,Miami,"6024 SW 8th St, Miami, FL 33144-5069",91,128,3.5,19,2,3,0,2,1,https://www.tripadvisor.com/Hotel_Review-g34438-d654223-Reviews-Sunnyside_Motel-Miami_Florida.html,3
TownePlace Suites Miami Lakes,Miami,"8079 NW 154 Street, Miami, FL 33016-5868",92,128,3.5,191,31,39,33,26,23,https://www.tripadvisor.com/Hotel_Review-g34438-d87122-Reviews-TownePlace_Suites_Miami_Lakes-Miami_Florida.html,3
National at Valencia Doral,Miami,"10000 NW 45th Ter, Miami, FL 33178-3300",93,128,3,1,0,0,1,0,0,https://www.tripadvisor.com/Hotel_Review-g34438-d1147235-Reviews-National_at_Valencia_Doral-Miami_Florida.html,4
South Pacific Motel,Miami,"6300 Biscayne Blvd, Miami, FL 33138-6226",94,128,3,1,0,0,1,0,0,https://www.tripadvisor.com/Hotel_Review-g34438-d1633632-Reviews-South_Pacific_Motel-Miami_Florida.html,4
Quality Inn Miami Airport,Miami,"3959 NW 79th Ave, Miami, FL 33166-6517",95,128,3,896,27,81,83,49,72,https://www.tripadvisor.com/Hotel_Review-g34438-d120432-Reviews-Quality_Inn_Miami_Airport-Miami_Florida.html,4
The Henley Park Hotel,Washington,"926 Massachusetts Ave NW, Washington DC, DC 20001",100,141,4,826,267,309,105,37,30,https://www.tripadvisor.com/Hotel_Review-g28970-d84069-Reviews-The_Henley_Park_Hotel-Washington_DC_District_of_Columbia.html,3
The St. Gregory Hotel,Washington,"2033 M St NW, Washington DC, DC 20036-3301",101,141,4,201,90,51,21,12,3,https://www.tripadvisor.com/Hotel_Review-g28970-d220076-Reviews-The_St_Gregory_Hotel-Washington_DC_District_of_Columbia.html,3
"Residence Inn Washington, DC Downtown",Washington,"1199 Vermont Ave NW, Washington DC, DC 20005-3519",102,141,4.5,221,79,72,20,4,5,https://www.tripadvisor.com/Hotel_Review-g28970-d223900-Reviews-Residence_Inn_Washington_DC_Downtown-Washington_DC_District_of_Columbia.html,3
Hyatt House Washington DC/The Wharf,Washington,"725 Wharf St SW, Washington DC, DC 20024-3433",103,141,4.5,92,54,20,9,3,3,https://www.tripadvisor.com/Hotel_Review-g28970-d12912835-Reviews-Hyatt_House_Washington_DC_The_Wharf-Washington_DC_District_of_Columbia.html,3
Belcaro Motel,Denver,"1025 S Colorado Blvd., Denver, CO 80246",103,161,3,31,4,9,6,3,4,https://www.tripadvisor.com/Hotel_Review-g33388-d119997-Reviews-Belcaro_Motel-Denver_Colorado.html,3
Hampton Inn Washington DC NoMa Union Station,Washington,"501 New York Ave NE, Washington DC, DC 20001-4628",104,141,4,254,133,63,19,10,18,https://www.tripadvisor.com/Hotel_Review-g28970-d123837-Reviews-Hampton_Inn_Washington_DC_NoMa_Union_Station-Washington_DC_District_of_Columbia.html,3
Quality Inn & Suites Denver Stapleton,Denver,"3737 Quebec Street, Denver, CO 80207",104,161,3.5,660,158,161,113,87,83,https://www.tripadvisor.com/Hotel_Review-g33388-d83072-Reviews-Quality_Inn_Suites_Denver_Stapleton-Denver_Colorado.html,3
Canopy by Hilton Washington DC The Wharf,Washington,"975 7th St SW, Washington DC, DC 20024-3437",105,141,4.5,88,58,17,2,7,3,https://www.tripadvisor.com/Hotel_Review-g28970-d12492938-Reviews-Canopy_by_Hilton_Washington_DC_The_Wharf-Washington_DC_District_of_Columbia.html,3
11th Avenue Hotel & Hostel,Denver,"1112 Broadway, Denver, CO 80203-2107",105,161,3,171,18,37,34,29,29,https://www.tripadvisor.com/Hotel_Review-g33388-d119914-Reviews-11th_Avenue_Hotel_Hostel-Denver_Colorado.html,3
Red Pine Motel,Denver,"1572 S Broadway, Denver, CO 80210-2608",106,161,2.5,3,0,0,1,0,1,https://www.tripadvisor.com/Hotel_Review-g33388-d119917-Reviews-Red_Pine_Motel-Denver_Colorado.html,3
Tabard Inn,Washington,"1739 N Street NW, Washington DC, DC 20036-2801",108,141,4,372,153,98,47,35,20,https://www.tripadvisor.com/Hotel_Review-g28970-d120592-Reviews-Tabard_Inn-Washington_DC_District_of_Columbia.html,3
Days Inn Denver Downtown,Denver,"930 E Colfax Ave, Denver, CO 80218-1915",108,161,2.5,449,30,70,142,95,89,https://www.tripadvisor.com/Hotel_Review-g33388-d1176784-Reviews-Days_Inn_Denver_Downtown-Denver_Colorado.html,3
Hotel RL Washington DC by Red Lion,Washington,"1823 L St NW, Washington DC, DC 20036-3832",109,141,4,343,139,81,45,26,14,https://www.tripadvisor.com/Hotel_Review-g28970-d84080-Reviews-Hotel_RL_Washington_DC_by_Red_Lion-Washington_DC_District_of_Columbia.html,3
Residence Inn Washington Capitol Hill Navy Yard,Washington,"1233 1st St SE, Washington DC, DC 20003-3501",110,141,4.5,71,40,20,6,1,2,https://www.tripadvisor.com/Hotel_Review-g28970-d12072048-Reviews-Residence_Inn_Washington_Capitol_Hill_Navy_Yard-Washington_DC_District_of_Columbia.html,3
The Timbers Hotel,Denver,"4411 Peoria St, Denver, CO 80239-4817",110,161,3,345,89,77,55,41,78,https://www.tripadvisor.com/Hotel_Review-g33388-d81023-Reviews-The_Timbers_Hotel-Denver_Colorado.html,3
Village Motel,Tampa,"4100 E Hillsborough Ave, Tampa, FL 33610",110,164,4,1,0,1,0,0,0,https://www.tripadvisor.com/Hotel_Review-g34678-d120494-Reviews-Village_Motel-Tampa_Florida.html,3
"Residence Inn Washington, Dc/Dupont Circle",Washington,"2120 P St NW, Washington DC, DC 20037-1009",111,141,4,368,149,140,41,10,6,https://www.tripadvisor.com/Hotel_Review-g28970-d223897-Reviews-Residence_Inn_Washington_Dc_Dupont_Circle-Washington_DC_District_of_Columbia.html,3
Super 8 Denver Central,Denver,"5888 N Broadway, Denver, CO 80216-1025",111,161,2.5,310,33,38,57,65,109,https://www.tripadvisor.com/Hotel_Review-g33388-d119929-Reviews-Super_8_Denver_Central-Denver_Colorado.html,3
Mayflower Motel,Tampa,"7510 N Florida Ave, Tampa, FL 33604-4104",111,164,4,1,0,1,0,0,0,https://www.tripadvisor.com/Hotel_Review-g34678-d120474-Reviews-Mayflower_Motel-Tampa_Florida.html,3
Super 8 Denver Midtown,Denver,"2601 Zuni St, Denver, CO 80211-4806",112,161,2.5,316,24,32,66,78,105,https://www.tripadvisor.com/Hotel_Review-g33388-d671614-Reviews-Super_8_Denver_Midtown-Denver_Colorado.html,3
Amerisuites Busch Gardens Hotel Tampa,Tampa,"11408 N 30th St, Tampa, FL 33612-6446",112,164,4,2,0,2,0,0,0,https://www.tripadvisor.com/Hotel_Review-g34678-d1212945-Reviews-Amerisuites_Busch_Gardens_Hotel_Tampa-Tampa_Florida.html,3
"Marriott Vacation Club Pulse at The Mayflower, Washington, D.C.",Washington,"1127 Connecticut Ave NW Fl 7, Washington DC, DC 20036-4301",113,141,4.5,64,37,13,9,1,0,https://www.tripadvisor.com/Hotel_Review-g28970-d9876857-Reviews-Marriott_Vacation_Club_Pulse_at_The_Mayflower_Washington_D_C-Washington_DC_District_of_.html,3
La Quinta Inn Brandon Hotel,Tampa,"310 Grand Regency Blvd, Tampa, FL 33510-3940",113,164,3.5,9,2,4,1,1,1,https://www.tripadvisor.com/Hotel_Review-g34678-d1223998-Reviews-La_Quinta_Inn_Brandon_Hotel-Tampa_Florida.html,3
"Courtyard Washington, DC/U.S. Capitol",Washington,"1325 2nd St NE, Washington DC, DC 20002-3582",114,141,4,640,144,248,109,30,28,https://www.tripadvisor.com/Hotel_Review-g28970-d1237013-Reviews-Courtyard_Washington_DC_U_S_Capitol-Washington_DC_District_of_Columbia.html,3
La Quinta Inn Denver Central,Denver,"3500 Park Ave West, Denver, CO 80216",114,161,2.5,450,38,86,99,113,99,https://www.tripadvisor.com/Hotel_Review-g33388-d85344-Reviews-La_Quinta_Inn_Denver_Central-Denver_Colorado.html,3
Extended Stay America - Tampa - Airport - Spruce Street,Tampa,"4312 W Spruce St, Tampa, FL 33607-4146",114,164,3.5,114,30,27,20,16,14,https://www.tripadvisor.com/Hotel_Review-g34678-d268188-Reviews-Extended_Stay_America_Tampa_Airport_Spruce_Street-Tampa_Florida.html,4
The LINE Hotel DC,Washington,"1770 Euclid St NW, Washington DC, DC 20009-2836",115,141,4.5,37,29,4,0,1,3,https://www.tripadvisor.com/Hotel_Review-g28970-d11985029-Reviews-The_LINE_Hotel_DC-Washington_DC_District_of_Columbia.html,3
Super 8 Denver Stapleton,Denver,"7201 E 36th Ave, Denver, CO 80207-1606",115,161,2,592,39,61,110,131,225,https://www.tripadvisor.com/Hotel_Review-g33388-d82976-Reviews-Super_8_Denver_Stapleton-Denver_Colorado.html,4
Floridan Palace Hotel,Tampa,"905 N Florida Ave, Tampa, FL 33602-3805",115,164,3.5,260,61,56,59,26,47,https://www.tripadvisor.com/Hotel_Review-g34678-d3403301-Reviews-Floridan_Palace_Hotel-Tampa_Florida.html,4
The Mansion on O Street,Washington,"2020 O St NW, Washington DC, DC 20036-5912",116,141,4.5,129,85,20,6,9,9,https://www.tripadvisor.com/Hotel_Review-g28970-d120566-Reviews-The_Mansion_on_O_Street-Washington_DC_District_of_Columbia.html,3
Extended Stay America - Denver - Tech Center - North,Denver,"4885 S Quebec St, Denver, CO 80237-2717",116,161,2.5,216,41,21,18,22,114,https://www.tripadvisor.com/Hotel_Review-g33388-d119981-Reviews-Extended_Stay_America_Denver_Tech_Center_North-Denver_Colorado.html,4
Suburban Extended Stay Hotel of Tampa - Airport West,Tampa,"6902 W Hillsborough Ave, Tampa, FL 33634-4946",116,164,3,66,7,16,21,6,13,https://www.tripadvisor.com/Hotel_Review-g34678-d249738-Reviews-Suburban_Extended_Stay_Hotel_of_Tampa_Airport_West-Tampa_Florida.html,4
Holiday Inn Express Hotel & Suites Washington DC-Northeast,Washington,"1917 Bladensburg Rd NE, Washington DC, DC 20002-1811",117,141,4,306,103,93,40,21,10,https://www.tripadvisor.com/Hotel_Review-g28970-d223031-Reviews-Holiday_Inn_Express_Hotel_Suites_Washington_DC_Northeast-Washington_DC_District_of_Colum.html,3
Motel 6 Denver Central - Federal Boulevard,Denver,"3050 W 49th Ave, Denver, CO 80221-1103",117,161,2,78,2,6,13,16,29,https://www.tripadvisor.com/Hotel_Review-g33388-d83061-Reviews-Motel_6_Denver_Central_Federal_Boulevard-Denver_Colorado.html,4
Mac Dill Motel,Tampa,"6227 S Dale Mabry Hwy, Tampa, FL 33611-4807",117,164,3,1,0,0,1,0,0,https://www.tripadvisor.com/Hotel_Review-g34678-d1633685-Reviews-Mac_Dill_Motel-Tampa_Florida.html,4
The Eldon Luxury Suites,Washington,"933 L St NW, Washington DC, DC 20001-4379",118,141,4,455,134,123,64,25,25,https://www.tripadvisor.com/Hotel_Review-g28970-d1224560-Reviews-The_Eldon_Luxury_Suites-Washington_DC_District_of_Columbia.html,3
Motel 6 Denver - Airport,Denver,"12020 E 39th Ave, Denver, CO 80239-3346",118,161,2.5,112,8,10,22,19,30,https://www.tripadvisor.com/Hotel_Review-g33388-d119938-Reviews-Motel_6_Denver_Airport-Denver_Colorado.html,4
Motel 6 Tampa - Fairgrounds,Tampa,"9942 E Adamo Dr, Tampa, FL 33619-2618",118,164,3,57,6,14,10,7,16,https://www.tripadvisor.com/Hotel_Review-g34678-d3936112-Reviews-Motel_6_Tampa_Fairgrounds-Tampa_Florida.html,4
La Quinta Inn Nashville South,Nashville,"4311 Sidco Dr, Nashville, TN 37204-4509",118,160,3,722,117,159,150,140,146,https://www.tripadvisor.com/Hotel_Review-g55229-d98186-Reviews-La_Quinta_Inn_Nashville_South-Nashville_Davidson_County_Tennessee.html,4
Kellogg Conference Hotel at Gallaudet University,Washington,"800 Florida Ave NE, Washington DC, DC 20002-3600",119,141,4,338,91,95,43,20,33,https://www.tripadvisor.com/Hotel_Review-g28970-d308189-Reviews-Kellogg_Conference_Hotel_at_Gallaudet_University-Washington_DC_District_of_Columbia.html,3
Ramada Denver Midtown,Denver,"2601 Zuni St, Denver, CO 80211-4806",119,161,2,822,28,80,145,196,358,https://www.tripadvisor.com/Hotel_Review-g33388-d119928-Reviews-Ramada_Denver_Midtown-Denver_Colorado.html,4
Extended Stay America - Tampa - Airport - Memorial Hwy.,Tampa,"4811 Memorial Hwy, Tampa, FL 33634-7515",119,164,3.5,279,110,56,43,28,37,https://www.tripadvisor.com/Hotel_Review-g34678-d87675-Reviews-Extended_Stay_America_Tampa_Airport_Memorial_Hwy-Tampa_Florida.html,4
GuestHouse Inn & Suites Nashville/Music Valley,Nashville,"2420 Music Valley Dr, Nashville, TN 37214-1001",119,160,3.5,737,159,229,166,74,80,https://www.tripadvisor.com/Hotel_Review-g55229-d294839-Reviews-GuestHouse_Inn_Suites_Nashville_Music_Valley-Nashville_Davidson_County_Tennessee.html,4
Georgetown Suites Harbour,Washington,"1000 29th St NW, Washington DC, DC 20007-3820",120,141,4,61,15,29,8,0,2,https://www.tripadvisor.com/Hotel_Review-g28970-d9772828-Reviews-Georgetown_Suites_Harbour-Washington_DC_District_of_Columbia.html,4
Newhouse Hotel,Denver,"1470 N Grant St, Denver, CO 80203-1847",120,161,2.5,6,2,0,0,0,3,https://www.tripadvisor.com/Hotel_Review-g33388-d120040-Reviews-Newhouse_Hotel-Denver_Colorado.html,4
Hyde Park Hotel,Tampa,"2105 W Bristol Ave, Tampa, FL 33606-2474",120,164,3.5,83,17,26,15,12,9,https://www.tripadvisor.com/Hotel_Review-g34678-d1022764-Reviews-Hyde_Park_Hotel-Tampa_Florida.html,4
Somatel Nashville Airport,Nashville,"420 Metroplex Dr, Nashville, TN 37211-3110",120,160,3,69,6,15,20,8,17,https://www.tripadvisor.com/Hotel_Review-g55229-d2054088-Reviews-Somatel_Nashville_Airport-Nashville_Davidson_County_Tennessee.html,4
The Treme Hotel,NewOrleans,"1933 Ursulines Ave, New Orleans, LA 70116-2150",120,167,4,143,65,39,12,6,8,https://www.tripadvisor.com/Hotel_Review-g60864-d7791124-Reviews-The_Treme_Hotel-New_Orleans_Louisiana.html,3
"Fairfield Inn & Suites Washington, DC/New York Avenue",Washington,"2305 New York Ave NE, Washington DC, DC 20002-1905",121,141,4,194,60,57,42,8,15,https://www.tripadvisor.com/Hotel_Review-g28970-d939375-Reviews-Fairfield_Inn_Suites_Washington_DC_New_York_Avenue-Washington_DC_District_of_Columbia.html,4
Stonewall Motel,Denver,"12111 W. Colfax Ave., Denver, CO 80215",121,161,2,1,0,0,0,1,0,https://www.tripadvisor.com/Hotel_Review-g33388-d120017-Reviews-Stonewall_Motel-Denver_Colorado.html,4
Extended Stay America - Tampa - Airport - N. West Shore Blvd.,Tampa,"1805 N West Shore Blvd, Tampa, FL 33607-3906",121,164,3,182,39,45,29,23,41,https://www.tripadvisor.com/Hotel_Review-g34678-d87668-Reviews-Extended_Stay_America_Tampa_Airport_N_West_Shore_Blvd-Tampa_Florida.html,4
Knights Inn Nashville,Nashville,"350 Harding Pl, Nashville, TN 37211-3916",121,160,3,16,3,4,2,2,5,https://www.tripadvisor.com/Hotel_Review-g55229-d98171-Reviews-Knights_Inn_Nashville-Nashville_Davidson_County_Tennessee.html,4
Airway Motel,Denver,"8339 E Colfax Ave, Denver, CO 80220-2153",122,161,2,1,0,0,0,1,0,https://www.tripadvisor.com/Hotel_Review-g33388-d119908-Reviews-Airway_Motel-Denver_Colorado.html,4
Regency Inn and Suites,Nashville,"1516 Hampton St, Nashville, TN 37207-4308",122,160,3,35,8,8,2,6,8,https://www.tripadvisor.com/Hotel_Review-g55229-d122635-Reviews-Regency_Inn_and_Suites-Nashville_Davidson_County_Tennessee.html,4
Prytania Oaks Hotel,NewOrleans,"1612 Prytania St, New Orleans, LA 70130-4418",122,167,4,240,96,93,33,8,2,https://www.tripadvisor.com/Hotel_Review-g60864-d676367-Reviews-Prytania_Oaks_Hotel-New_Orleans_Louisiana.html,3
Primrose Motel,Denver,"5450 Federal Blvd, Denver, CO 80221-6540",123,161,3,4,2,0,0,0,2,https://www.tripadvisor.com/Hotel_Review-g33388-d119968-Reviews-Primrose_Motel-Denver_Colorado.html,4
Tampa Stadium Airport Hotel,Tampa,"4750 N Dale Mabry Hwy, Tampa, FL 33614-6509",123,164,3,434,75,109,84,66,77,https://www.tripadvisor.com/Hotel_Review-g34678-d596098-Reviews-Tampa_Stadium_Airport_Hotel-Tampa_Florida.html,4
Days Inn Nashville Saint Thomas West Hospital,Nashville,"269 White Bridge Pike, Nashville, TN 37209-3253",123,160,2.5,299,18,57,70,70,82,https://www.tripadvisor.com/Hotel_Review-g55229-d105528-Reviews-Days_Inn_Nashville_Saint_Thomas_West_Hospital-Nashville_Davidson_County_Tennessee.html,4
The Wink,Washington,"1143 New Hampshire Avenue NW, Washington DC, DC 20037",124,141,4,7,2,2,3,0,0,https://www.tripadvisor.com/Hotel_Review-g28970-d84101-Reviews-The_Wink-Washington_DC_District_of_Columbia.html,4
Denver's Best Inn and Suites,Denver,"4590 Quebec St, Denver, CO 80216-3427",124,161,2,166,14,9,25,25,85,https://www.tripadvisor.com/Hotel_Review-g33388-d85343-Reviews-Denver_s_Best_Inn_and_Suites-Denver_Colorado.html,4
Fiddler's Inn North,Nashville,"2410 Music Valley Dr, Nashville, TN 37214-1001",124,160,2.5,361,38,65,77,63,111,https://www.tripadvisor.com/Hotel_Review-g55229-d122652-Reviews-Fiddler_s_Inn_North-Nashville_Davidson_County_Tennessee.html,4
Columns Hotel,NewOrleans,"3811 Saint Charles Ave, New Orleans, LA 70115-4681",124,167,4,180,60,62,22,20,14,https://www.tripadvisor.com/Hotel_Review-g60864-d115268-Reviews-Columns_Hotel-New_Orleans_Louisiana.html,3
Triple A Motel,Denver,"5225 Vasquez Blvd, Denver, CO 80216-3032",125,161,2.5,2,0,1,0,0,1,https://www.tripadvisor.com/Hotel_Review-g33388-d1634494-Reviews-Triple_A_Motel-Denver_Colorado.html,4
Rodeway Inn Near Ybor City - Casino,Tampa,"2904 Melburne Blvd, Tampa, FL 33605-2457",125,164,2.5,56,7,7,7,9,23,https://www.tripadvisor.com/Hotel_Review-g34678-d141963-Reviews-Rodeway_Inn_Near_Ybor_City_Casino-Tampa_Florida.html,4
Motel 6 Nashville,Nashville,"1412 Brick Church Pike, Nashville, TN 37207-5040",125,160,2.5,166,12,23,33,14,75,https://www.tripadvisor.com/Hotel_Review-g55229-d98206-Reviews-Motel_6_Nashville-Nashville_Davidson_County_Tennessee.html,4
Loft 523 New Orleans,NewOrleans,"523 Gravier Street, New Orleans, LA 70130-2701",125,167,4,268,131,75,25,21,11,https://www.tripadvisor.com/Hotel_Review-g60864-d241044-Reviews-Loft_523_New_Orleans-New_Orleans_Louisiana.html,3
Jayhawk Motel,Tampa,"3415 N Nebraska Ave, Tampa, FL 33603-6035",126,164,3,4,2,0,0,0,2,https://www.tripadvisor.com/Hotel_Review-g34678-d120510-Reviews-Jayhawk_Motel-Tampa_Florida.html,4
InTown Suites Nashville West,Nashville,"255 Old Hickory Blvd, Nashville, TN 37221-1303",126,160,2.5,7,0,2,2,1,2,https://www.tripadvisor.com/Hotel_Review-g55229-d260960-Reviews-InTown_Suites_Nashville_West-Nashville_Davidson_County_Tennessee.html,4
Hotel de la Monnaie,NewOrleans,"405 Esplanade Ave., New Orleans, LA 70116",126,167,4,178,60,78,22,8,6,https://www.tripadvisor.com/Hotel_Review-g60864-d120820-Reviews-Hotel_de_la_Monnaie-New_Orleans_Louisiana.html,3
Extended Stay America - Nashville - Airport,Nashville,"2525 Elm Hill Pike, Nashville, TN 37214-3154",127,160,2.5,50,7,6,9,9,19,https://www.tripadvisor.com/Hotel_Review-g55229-d105610-Reviews-Extended_Stay_America_Nashville_Airport-Nashville_Davidson_County_Tennessee.html,4
The Crescent Palms Motel,NewOrleans,"3923 Martin Luther King Jr Blvd, New Orleans, LA 70125-2011",127,167,4,120,49,32,12,4,11,https://www.tripadvisor.com/Hotel_Review-g60864-d1188927-Reviews-The_Crescent_Palms_Motel-New_Orleans_Louisiana.html,3
Vista Inn & Suites Tampa,Tampa,"400 E Bearss Ave, Tampa, FL 33613-1605",128,164,2.5,95,5,14,13,14,33,https://www.tripadvisor.com/Hotel_Review-g34678-d224797-Reviews-Vista_Inn_Suites_Tampa-Tampa_Florida.html,4
Drake Motel,Nashville,"420 Murfreesboro Pike, Nashville, TN 37210-2896",128,160,2.5,88,9,16,8,8,46,https://www.tripadvisor.com/Hotel_Review-g55229-d98141-Reviews-Drake_Motel-Nashville_Davidson_County_Tennessee.html,4
Brent House Hotel & Conference Center,NewOrleans,"1512 Jefferson Hwy, New Orleans, LA 70121-2429",128,167,3.5,160,47,50,23,17,19,https://www.tripadvisor.com/Hotel_Review-g60864-d93104-Reviews-Brent_House_Hotel_Conference_Center-New_Orleans_Louisiana.html,3
Holiday Inn Atlanta Midtown,Atlanta,"1810 Howell Mill Rd NW, Atlanta, GA 30318-2511",128,174,4,4,1,0,2,0,0,https://www.tripadvisor.com/Hotel_Review-g60898-d1195514-Reviews-Holiday_Inn_Atlanta_Midtown-Atlanta_Georgia.html,3
Days Inn & Suites Tampa Near Ybor City,Tampa,"2905 N 50th St, Tampa, FL 33619-2317",129,164,2,154,11,15,23,35,63,https://www.tripadvisor.com/Hotel_Review-g34678-d1657337-Reviews-Days_Inn_Suites_Tampa_Near_Ybor_City-Tampa_Florida.html,4
Super 8 Nashville/ Dntn/ Opryland Area,Nashville,"3320 Dickerson Pike, Nashville, TN 37207-2955",129,160,2,312,22,38,53,72,122,https://www.tripadvisor.com/Hotel_Review-g55229-d105563-Reviews-Super_8_Nashville_Dntn_Opryland_Area-Nashville_Davidson_County_Tennessee.html,4
Holiday Inn Express New Orleans East,NewOrleans,"7049 Bullard Ave, New Orleans, LA 70128-2307",129,167,3.5,174,52,56,27,9,17,https://www.tripadvisor.com/Hotel_Review-g60864-d508100-Reviews-Holiday_Inn_Express_New_Orleans_East-New_Orleans_Louisiana.html,3
Motel 6 Atlanta Downtown,Atlanta,"311 Courtland St NE, Atlanta, GA 30303-1212",129,174,3.5,279,45,83,50,17,27,https://www.tripadvisor.com/Hotel_Review-g60898-d1657567-Reviews-Motel_6_Atlanta_Downtown-Atlanta_Georgia.html,3
Howard Johnson Hotel - Tampa Airport/Stadium,Tampa,"2055 N Dale Mabry Hwy, Tampa, FL 33607-2542",130,164,2.5,621,45,66,119,161,212,https://www.tripadvisor.com/Hotel_Review-g34678-d85877-Reviews-Howard_Johnson_Hotel_Tampa_Airport_Stadium-Tampa_Florida.html,4
InTown Suites Nashville South,Nashville,"1621 Bell Rd, Nashville, TN 37211-6604",130,160,3,7,3,1,0,0,3,https://www.tripadvisor.com/Hotel_Review-g55229-d260962-Reviews-InTown_Suites_Nashville_South-Nashville_Davidson_County_Tennessee.html,4
Comfort Suites Atlanta Airport,Atlanta,"5087 Clark Howell Hwy, Atlanta, GA 30349-6049",130,174,3.5,284,81,90,43,27,38,https://www.tripadvisor.com/Hotel_Review-g60898-d1456795-Reviews-Comfort_Suites_Atlanta_Airport-Atlanta_Georgia.html,3
Econo Lodge Percy Priest Drive,Nashville,"3414 Percy Priest Dr, Nashville, TN 37214-3908",131,160,2.5,83,9,11,15,17,29,https://www.tripadvisor.com/Hotel_Review-g55229-d105477-Reviews-Econo_Lodge_Percy_Priest_Drive-Nashville_Davidson_County_Tennessee.html,4
Plaza Suite Hotel Resort,NewOrleans,"620 S Peters St, New Orleans, LA 70130-1631",131,167,3.5,117,30,34,19,15,15,https://www.tripadvisor.com/Hotel_Review-g60864-d667664-Reviews-Plaza_Suite_Hotel_Resort-New_Orleans_Louisiana.html,3
Super 8 Tampa U.S.F. Near Busch Gardens Downtown,Tampa,"321 E Fletcher Ave, Tampa, FL 33612",132,164,2,209,9,24,38,53,77,https://www.tripadvisor.com/Hotel_Review-g34678-d235711-Reviews-Super_8_Tampa_U_S_F_Near_Busch_Gardens_Downtown-Tampa_Florida.html,4
Days Inn Nashville at Opryland/Music Valley DR,Nashville,"2460 Music Valley Dr, Nashville, TN 37214-1004",132,160,2.5,973,72,147,265,212,272,https://www.tripadvisor.com/Hotel_Review-g55229-d98148-Reviews-Days_Inn_Nashville_at_Opryland_Music_Valley_DR-Nashville_Davidson_County_Tennessee.html,4
Hampton Inn Atlanta Midtown,Atlanta,"1152 Spring St NW, Atlanta, GA 30309-2806",132,174,3,17,3,6,2,4,2,https://www.tripadvisor.com/Hotel_Review-g60898-d89432-Reviews-Hampton_Inn_Atlanta_Midtown-Atlanta_Georgia.html,3
Antigua Motel,Tampa,"1106 E Hillsborough Ave, Tampa, FL 33604-7206",133,164,3,2,0,1,0,1,0,https://www.tripadvisor.com/Hotel_Review-g34678-d120468-Reviews-Antigua_Motel-Tampa_Florida.html,4
Courtyard Marriort/Iberville,NewOrleans,"910 Iberville Street, New Orleans, LA 70112",133,167,5,1,1,0,0,0,0,https://www.tripadvisor.com/Hotel_Review-g60864-d13531997-Reviews-Courtyard_Marriort_Iberville-New_Orleans_Louisiana.html,3
Comfort Inn Atlanta Downtown South,Atlanta,"795 Pollard Blvd SW, Atlanta, GA 30315",133,174,3,313,58,77,69,38,46,https://www.tripadvisor.com/Hotel_Review-g60898-d222999-Reviews-Comfort_Inn_Atlanta_Downtown_South-Atlanta_Georgia.html,4
Magnuson Hotel Downtown North Nashville,Nashville,"2401 Brick Church Pike, Nashville, TN 37207-4405",134,160,2,41,2,4,7,0,28,https://www.tripadvisor.com/Hotel_Review-g55229-d4027848-Reviews-Magnuson_Hotel_Downtown_North_Nashville-Nashville_Davidson_County_Tennessee.html,4
Marigny Guest House,NewOrleans,"615 Kerlerec St # 617, New Orleans, LA 70116-2003",134,167,5,1,1,0,0,0,0,https://www.tripadvisor.com/Hotel_Review-g60864-d120858-Reviews-Marigny_Guest_House-New_Orleans_Louisiana.html,3
Cheshire Motor Inn,Atlanta,"1865 Cheshire Bridge Rd NE, Atlanta, GA 30324",134,174,3.5,53,18,9,10,6,10,https://www.tripadvisor.com/Hotel_Review-g60898-d111334-Reviews-Cheshire_Motor_Inn-Atlanta_Georgia.html,4
Extended Stay America - Nashville - Airport - Music City,Nashville,"727 McGavock Pike, Nashville, TN 37214-3140",135,160,2,58,7,5,8,13,25,https://www.tripadvisor.com/Hotel_Review-g55229-d217701-Reviews-Extended_Stay_America_Nashville_Airport_Music_City-Nashville_Davidson_County_Tennessee.html,4
Lucky Inn Hotel,NewOrleans,"2625 Iberville St, New Orleans, LA 70119-5629",135,167,5,1,1,0,0,0,0,https://www.tripadvisor.com/Hotel_Review-g60864-d1635208-Reviews-Lucky_Inn_Hotel-New_Orleans_Louisiana.html,3
Barclay Hotel Atlanta Downtown,Atlanta,"89 Luckie St NW, Atlanta, GA 30303-2107",135,174,3.5,447,103,131,83,44,49,https://www.tripadvisor.com/Hotel_Review-g60898-d89481-Reviews-Barclay_Hotel_Atlanta_Downtown-Atlanta_Georgia.html,4
Days Inn Downtown-Nashville West Trinity Lane,Nashville,"1400 Brick Church Pike, Nashville, TN 37207-5040",136,160,2,394,17,18,66,89,197,https://www.tripadvisor.com/Hotel_Review-g55229-d216884-Reviews-Days_Inn_Downtown_Nashville_West_Trinity_Lane-Nashville_Davidson_County_Tennessee.html,4
Days Inn New Orleans Pontchartrain,NewOrleans,"4180 Old Gentilly Rd, New Orleans, LA 70126-4931",136,167,3.5,138,29,39,31,15,22,https://www.tripadvisor.com/Hotel_Review-g60864-d10598003-Reviews-Days_Inn_New_Orleans_Pontchartrain-New_Orleans_Louisiana.html,3
Microtel Inn & Suites by Wyndham Atlanta/Perimeter Center,Atlanta,"6280 Peachtree Dunwoody Rd, Atlanta, GA 30328-4525",136,174,3.5,590,124,164,148,81,64,https://www.tripadvisor.com/Hotel_Review-g60898-d222997-Reviews-Microtel_Inn_Suites_by_Wyndham_Atlanta_Perimeter_Center-Atlanta_Georgia.html,4
Americas Best Value Inn - Downtown / Midtown,Atlanta,"1641 Peachtree St NE, Atlanta, GA 30309-2433",137,174,3,83,20,19,9,5,27,https://www.tripadvisor.com/Hotel_Review-g60898-d86296-Reviews-Americas_Best_Value_Inn_Downtown_Midtown-Atlanta_Georgia.html,4
Super 8 Nashville Downtown,Nashville,"2306 Brick Church Pike, Nashville, TN 37207-4402",138,160,2,601,14,53,134,145,247,https://www.tripadvisor.com/Hotel_Review-g55229-d559728-Reviews-Super_8_Nashville_Downtown-Nashville_Davidson_County_Tennessee.html,4
Studio 6 New Orleans,NewOrleans,"12330 I 10 Service Rd, New Orleans, LA 70128-3503",138,167,3,48,14,8,7,9,10,https://www.tripadvisor.com/Hotel_Review-g60864-d223131-Reviews-Studio_6_New_Orleans-New_Orleans_Louisiana.html,3
"Country Inn & Suites by Radisson, Atlanta Downtown South at Turner Field, GA",Atlanta,"759 Pollard Blvd SW, Atlanta, GA 30315-1106",138,174,3,796,178,171,152,135,142,https://www.tripadvisor.com/Hotel_Review-g60898-d482439-Reviews-Country_Inn_Suites_by_Radisson_Atlanta_Downtown_South_at_Turner_Field_GA-Atlanta_Georgia.html,4
The Tremont Chicago Hotel at Magnificent Mile,Chicago,"100 E Chestnut St, Chicago, IL 60611-2061",139,191,3.5,330,78,102,67,27,23,https://www.tripadvisor.com/Hotel_Review-g35805-d87656-Reviews-The_Tremont_Chicago_Hotel_at_Magnificent_Mile-Chicago_Illinois.html,4
Nashville - Days Inn Airport / Opryland Area,Nashville,"1 International Plz, Nashville, TN 37217-2001",139,160,2.5,13,1,3,0,4,5,https://www.tripadvisor.com/Hotel_Review-g55229-d223672-Reviews-Nashville_Days_Inn_Airport_Opryland_Area-Nashville_Davidson_County_Tennessee.html,4
Chateau Orleans,NewOrleans,"240 Burgundy St, New Orleans, LA 70112-3114",139,167,3.5,115,28,43,7,13,21,https://www.tripadvisor.com/Hotel_Review-g60864-d645291-Reviews-Chateau_Orleans-New_Orleans_Louisiana.html,4
Holiday Inn Atlanta - Northlake,Atlanta,"2158 Ranchwood Drive, Atlanta, GA 30345-2804",139,174,3.5,156,46,45,19,19,22,https://www.tripadvisor.com/Hotel_Review-g60898-d223222-Reviews-Holiday_Inn_Atlanta_Northlake-Atlanta_Georgia.html,4
Holiday Inn Chicago O'Hare,Chicago,"5615 N Cumberland Avenue, Chicago, IL 60631-2915",140,191,3.5,681,141,200,160,58,56,https://www.tripadvisor.com/Hotel_Review-g35805-d142296-Reviews-Holiday_Inn_Chicago_O_Hare-Chicago_Illinois.html,4
Le Petit Motel,NewOrleans,"2836 Tulane Ave, New Orleans, LA 70119-7342",140,167,2,3,0,1,0,0,2,https://www.tripadvisor.com/Hotel_Review-g60864-d3940396-Reviews-Le_Petit_Motel-New_Orleans_Louisiana.html,4
InTown Suites Atlanta North,Atlanta,"355 Hammond Dr, Atlanta, GA 30328-5049",140,174,3,11,4,2,0,0,5,https://www.tripadvisor.com/Hotel_Review-g60898-d223012-Reviews-InTown_Suites_Atlanta_North-Atlanta_Georgia.html,4
Quality Inn Midway Airport,Chicago,"7353 S Cicero Ave, Chicago, IL 60629-5816",141,191,3,186,30,57,43,29,24,https://www.tripadvisor.com/Hotel_Review-g35805-d87610-Reviews-Quality_Inn_Midway_Airport-Chicago_Illinois.html,4
Quality Inn Northeast,Atlanta,"2960 Northeast Expressway, Atlanta, GA 30341",141,174,3,87,7,23,15,12,20,https://www.tripadvisor.com/Hotel_Review-g60898-d86237-Reviews-Quality_Inn_Northeast-Atlanta_Georgia.html,4
The Standard Club,Chicago,"320 South Plymouth Court, Chicago, IL 60604",142,191,4,64,23,24,10,2,3,https://www.tripadvisor.com/Hotel_Review-g35805-d484081-Reviews-The_Standard_Club-Chicago_Illinois.html,4
Historic Streetcar Inn,NewOrleans,"1509 Saint Charles Ave, New Orleans, LA 70130-4445",142,167,3.5,675,212,162,91,79,104,https://www.tripadvisor.com/Hotel_Review-g60864-d120848-Reviews-Historic_Streetcar_Inn-New_Orleans_Louisiana.html,4
Extended Stay America - Atlanta - Vinings,Atlanta,"2474 Cumberland Pkwy SE, Atlanta, GA 30339-4502",142,174,3.5,92,33,22,12,8,16,https://www.tripadvisor.com/Hotel_Review-g60898-d637485-Reviews-Extended_Stay_America_Atlanta_Vinings-Atlanta_Georgia.html,4
Sweet's Inn Motel,NewOrleans,"3610 Tulane Ave, New Orleans, LA 70119-7048",143,167,2.5,18,2,3,4,0,9,https://www.tripadvisor.com/Hotel_Review-g60864-d1640874-Reviews-Sweet_s_Inn_Motel-New_Orleans_Louisiana.html,4
Extended Stay America - Atlanta - Perimeter - Hammond Drive,Atlanta,"1050 Hammond Dr, Atlanta, GA 30328-5329",143,174,3,81,12,18,15,10,23,https://www.tripadvisor.com/Hotel_Review-g60898-d217471-Reviews-Extended_Stay_America_Atlanta_Perimeter_Hammond_Drive-Atlanta_Georgia.html,4
Nine-O-Five Royal Hotel,NewOrleans,"905 Royal St, New Orleans, LA 70116-2701",144,167,3.5,53,12,18,8,6,9,https://www.tripadvisor.com/Hotel_Review-g60864-d120856-Reviews-Nine_O_Five_Royal_Hotel-New_Orleans_Louisiana.html,4
Heart O' Chicago Motel,Chicago,"5990 N Ridge Ave, Chicago, IL 60660-3263",145,191,3.5,159,30,63,30,10,13,https://www.tripadvisor.com/Hotel_Review-g35805-d123234-Reviews-Heart_O_Chicago_Motel-Chicago_Illinois.html,4
Wyndham Garden Hotel,NewOrleans,"10100 I 10 Service Rd, New Orleans, LA 70127-2746",145,167,3,93,26,7,18,21,21,https://www.tripadvisor.com/Hotel_Review-g60864-d116270-Reviews-Wyndham_Garden_Hotel-New_Orleans_Louisiana.html,4
Super 8 Atlanta/Jonesboro Road,Atlanta,"3701 Jonesboro Rd SE, Atlanta, GA 30354-3305",145,174,3,142,29,33,28,14,33,https://www.tripadvisor.com/Hotel_Review-g60898-d86136-Reviews-Super_8_Atlanta_Jonesboro_Road-Atlanta_Georgia.html,4
Inn at Lincoln Park,Chicago,"601 W Diversey Pkwy, Chicago, IL 60614-1510",146,191,3,236,26,62,66,36,33,https://www.tripadvisor.com/Hotel_Review-g35805-d90918-Reviews-Inn_at_Lincoln_Park-Chicago_Illinois.html,4
Extended Stay America - Atlanta - Perimeter - Peachtree Dunwoody,Atlanta,"6330 Peachtree Dunwoody Rd, Atlanta, GA 30328-4550",146,174,3,44,9,5,6,7,13,https://www.tripadvisor.com/Hotel_Review-g60898-d224839-Reviews-Extended_Stay_America_Atlanta_Perimeter_Peachtree_Dunwoody-Atlanta_Georgia.html,4
Corporate Suites Network at Presidential Towers,Chicago,"555 W Madison St, Chicago, IL 60661-2514",147,191,4,27,7,12,4,2,1,https://www.tripadvisor.com/Hotel_Review-g35805-d595763-Reviews-Corporate_Suites_Network_at_Presidential_Towers-Chicago_Illinois.html,4
The Hotel at Midtown,Chicago,"2444 N Elston Ave, Chicago, IL 60647-2002",148,191,5,2,2,0,0,0,0,https://www.tripadvisor.com/Hotel_Review-g35805-d12977182-Reviews-The_Hotel_at_Midtown-Chicago_Illinois.html,4
Red Roof Inn Atlanta -Six Flags,Atlanta,"4430 Frederick Dr SW, Atlanta, GA 30336-1802",148,174,3,104,35,12,6,7,44,https://www.tripadvisor.com/Hotel_Review-g60898-d3566160-Reviews-Red_Roof_Inn_Atlanta_Six_Flags-Atlanta_Georgia.html,4
Elms Hotel,Chicago,"18 E Elm St, Chicago, IL 60611-1835",149,191,5,1,1,0,0,0,0,https://www.tripadvisor.com/Hotel_Review-g35805-d1642682-Reviews-Elms_Hotel-Chicago_Illinois.html,4
Bestway Inn,Dallas,"13220 Maham Rd, Dallas, TX 75240-5920",149,212,2.5,2,0,1,0,0,1,https://www.tripadvisor.com/Hotel_Review-g55711-d1865638-Reviews-Bestway_Inn-Dallas_Texas.html,4
Ponce de Leon Hotel,Atlanta,"551 Ponce de Leon Ave NE, Atlanta, GA 30308-1805",149,174,3,4,0,0,0,2,0,https://www.tripadvisor.com/Hotel_Review-g60898-d120655-Reviews-Ponce_de_Leon_Hotel-Atlanta_Georgia.html,4
Grande Millenium Luxury Suites,Chicago,"175 N Harbor Dr Apt 3302, Chicago, IL 60601-7347",150,191,4.5,3,1,1,0,0,0,https://www.tripadvisor.com/Hotel_Review-g35805-d1206935-Reviews-Grande_Millenium_Luxury_Suites-Chicago_Illinois.html,4
Crossland Economy Studios - Dallas - North Addison - Tollway,Dallas,"17425 Dallas Pkwy, Dallas, TX 75287-7310",150,212,3,59,18,5,7,10,18,https://www.tripadvisor.com/Hotel_Review-g55711-d217716-Reviews-Crossland_Economy_Studios_Dallas_North_Addison_Tollway-Dallas_Texas.html,4
Motel 6 Atlanta,Atlanta,"2820 Chamblee Tucker Rd, Atlanta, GA 30341-3926",150,174,3.5,12,5,1,2,0,4,https://www.tripadvisor.com/Hotel_Review-g60898-d244079-Reviews-Motel_6_Atlanta-Atlanta_Georgia.html,4
Wheeler Mansion,Chicago,"2020 S Calumet Ave, Chicago, IL 60616-1407",151,191,4,114,62,16,4,9,22,https://www.tripadvisor.com/Hotel_Review-g35805-d235386-Reviews-Wheeler_Mansion-Chicago_Illinois.html,4
Days Inn Dallas South,Dallas,"8312 S Lancaster Rd, Dallas, TX 75241-6306",151,212,2.5,95,9,9,21,18,33,https://www.tripadvisor.com/Hotel_Review-g55711-d109062-Reviews-Days_Inn_Dallas_South-Dallas_Texas.html,4
Ruby Room,Chicago,"1743 W Division St # 45, Chicago, IL 60622-3216",152,191,4,85,26,27,15,9,4,https://www.tripadvisor.com/Hotel_Review-g35805-d650708-Reviews-Ruby_Room-Chicago_Illinois.html,4
Super 7 Inn Dallas,Dallas,"10335 Gardner Rd, Dallas, TX 75220-4218",152,212,2.5,3,0,0,2,1,0,https://www.tripadvisor.com/Hotel_Review-g55711-d98708-Reviews-Super_7_Inn_Dallas-Dallas_Texas.html,4
Studio 6 Dallas-Richardson/North,Dallas,"12301 N Central Expy, Dallas, TX 75243-3721",153,212,3,22,6,2,3,6,5,https://www.tripadvisor.com/Hotel_Review-g55711-d98657-Reviews-Studio_6_Dallas_Richardson_North-Dallas_Texas.html,4
Best Motel,Chicago,"6535 S King Dr, Chicago, IL 60637-3207",154,191,4,2,0,1,0,0,0,https://www.tripadvisor.com/Hotel_Review-g35805-d1629781-Reviews-Best_Motel-Chicago_Illinois.html,4
Knights Inn Market Center,Dallas,"1550 Empire Central, Dallas, TX 75235-4118",154,212,3,210,39,44,44,23,51,https://www.tripadvisor.com/Hotel_Review-g55711-d98704-Reviews-Knights_Inn_Market_Center-Dallas_Texas.html,4
Diplomat Motel,Chicago,"5230 N Lincoln Ave, Chicago, IL 60625-2421",155,191,2,5,1,0,1,0,3,https://www.tripadvisor.com/Hotel_Review-g35805-d1632579-Reviews-Diplomat_Motel-Chicago_Illinois.html,4
Ramada Dallas Love Field,Dallas,"1575 Regal Row, Dallas, TX 75247-3619",155,212,3,566,91,107,114,108,136,https://www.tripadvisor.com/Hotel_Review-g55711-d109789-Reviews-Ramada_Dallas_Love_Field-Dallas_Texas.html,4
The Inn at Wrigleyville,Chicago,"3617 N Sheffield Ave # 19, Chicago, IL 60613-4303",156,191,3.5,17,8,2,1,4,2,https://www.tripadvisor.com/Hotel_Review-g35805-d6384376-Reviews-The_Inn_at_Wrigleyville-Chicago_Illinois.html,4
Sterling Hotel,Dallas,"1055 Regal Row, Dallas, TX 75247-4404",156,212,2.5,91,13,20,12,8,36,https://www.tripadvisor.com/Hotel_Review-g55711-d109379-Reviews-Sterling_Hotel-Dallas_Texas.html,4
The Fisher Building,Chicago,"343 S Dearborn St, Chicago, IL 60604-4000",157,191,4,3,1,1,1,0,0,https://www.tripadvisor.com/Hotel_Review-g35805-d278717-Reviews-The_Fisher_Building-Chicago_Illinois.html,4
Royal Inn Dallas NW,Dallas,"2030 W Northwest Hwy, Dallas, TX 75220-2316",158,212,2,10,0,1,2,1,6,https://www.tripadvisor.com/Hotel_Review-g55711-d1994522-Reviews-Royal_Inn_Dallas_NW-Dallas_Texas.html,4
Chicago Lake Shore Hotel,Chicago,"4900 South Lake Shore Drive, Chicago, IL 60615-3277",159,191,2.5,137,13,20,33,16,37,https://www.tripadvisor.com/Hotel_Review-g35805-d90922-Reviews-Chicago_Lake_Shore_Hotel-Chicago_Illinois.html,4
Rodeway Inn Chicago,Chicago,"5952 N Lincoln Ave, Chicago, IL 60659-3739",160,191,3,51,5,9,15,10,10,https://www.tripadvisor.com/Hotel_Review-g35805-d6668939-Reviews-Rodeway_Inn_Chicago-Chicago_Illinois.html,4
Sleep Inn Addison,Dallas,"4005 Belt Line Road, Dallas, TX 75244",160,212,3,5,0,1,2,2,0,https://www.tripadvisor.com/Hotel_Review-g55711-d557588-Reviews-Sleep_Inn_Addison-Dallas_Texas.html,4
Chinatown Hotel,Chicago,"214 West 22nd Place, Chicago, IL 60616",161,191,2.5,205,13,34,48,25,44,https://www.tripadvisor.com/Hotel_Review-g35805-d488493-Reviews-Chinatown_Hotel-Chicago_Illinois.html,4
Love Field Hotel & Suites,Dallas,"1241 W Mockingbird Ln, Dallas, TX 75247-4901",161,212,2.5,324,33,31,62,78,113,https://www.tripadvisor.com/Hotel_Review-g55711-d217715-Reviews-Love_Field_Hotel_Suites-Dallas_Texas.html,4
InTown Suites Dallas / Market Center,Dallas,"8201 Brookriver Dr, Dallas, TX 75247-4005",162,212,2,7,1,0,0,2,3,https://www.tripadvisor.com/Hotel_Review-g55711-d224237-Reviews-InTown_Suites_Dallas_Market_Center-Dallas_Texas.html,4
Motel 6 Austin North,Austin,"9420 N Interstate 35, Austin, TX 78753-3701",163,205,2.5,43,3,5,10,7,16,https://www.tripadvisor.com/Hotel_Review-g30196-d226433-Reviews-Motel_6_Austin_North-Austin_Texas.html,4
Delaware Towers,Chicago,"25 E Delaware Pl, Chicago, IL 60611-1828",163,191,2.5,3,0,1,0,2,0,https://www.tripadvisor.com/Hotel_Review-g35805-d87600-Reviews-Delaware_Towers-Chicago_Illinois.html,4
NATIONAL AT 2929 WYCLIFF,Dallas,"2929 Wycliff Ave, Dallas, TX 75219-2651",163,212,2,1,0,0,0,1,0,https://www.tripadvisor.com/Hotel_Review-g55711-d1147227-Reviews-NATIONAL_AT_2929_WYCLIFF-Dallas_Texas.html,4
Studio 6 Austin Midtown,Austin,"6603 N Interstate 35, Austin, TX 78752-4305",164,205,2,23,0,5,2,5,10,https://www.tripadvisor.com/Hotel_Review-g30196-d239890-Reviews-Studio_6_Austin_Midtown-Austin_Texas.html,4
Studio 6 Dallas Garland-Northeast,Dallas,"9801 Adleta Ct, Dallas, TX 75243-9266",164,212,2,11,0,2,0,2,6,https://www.tripadvisor.com/Hotel_Review-g55711-d224235-Reviews-Studio_6_Dallas_Garland_Northeast-Dallas_Texas.html,4
Extended Stay America - Austin - Northwest - Research Park,Austin,"12424 Research Blvd, Austin, TX 78759-2315",165,205,3,127,28,21,16,18,44,https://www.tripadvisor.com/Hotel_Review-g30196-d217730-Reviews-Extended_Stay_America_Austin_Northwest_Research_Park-Austin_Texas.html,4
Express Studios,Dallas,"10333 Finnell St, Dallas, TX 75220-4366",165,212,2,13,1,1,0,3,8,https://www.tripadvisor.com/Hotel_Review-g55711-d9759081-Reviews-Express_Studios-Dallas_Texas.html,4
Americas Best Value Inn,Austin,"909 E Koenig Ln, Austin, TX 78751-1504",166,205,3,181,36,34,29,27,46,https://www.tripadvisor.com/Hotel_Review-g30196-d108988-Reviews-Americas_Best_Value_Inn-Austin_Texas.html,4
La Quinta Inn Austin South / IH35,Austin,"4200 I-35 South, Austin, TX 78745-1202",167,205,3,435,59,100,106,80,84,https://www.tripadvisor.com/Hotel_Review-g30196-d98438-Reviews-La_Quinta_Inn_Austin_South_IH35-Austin_Texas.html,4
Super 8 Dallas South,Dallas,"8541 S Hampton Rd, Dallas, TX 75232-5120",167,212,2,54,4,5,9,9,27,https://www.tripadvisor.com/Hotel_Review-g55711-d109309-Reviews-Super_8_Dallas_South-Dallas_Texas.html,4
Motel 6 Austin Central - South/Univ of Texas,Austin,"5330 North Interregional Highway, Austin, TX 78751",168,205,3,53,5,10,14,9,12,https://www.tripadvisor.com/Hotel_Review-g30196-d243756-Reviews-Motel_6_Austin_Central_South_Univ_of_Texas-Austin_Texas.html,4
Sunstone Inn,Dallas,"19373 Preston Rd, Dallas, TX 75252-2438",168,212,2,122,13,15,14,23,55,https://www.tripadvisor.com/Hotel_Review-g55711-d1176822-Reviews-Sunstone_Inn-Dallas_Texas.html,4
Super 8 Austin University / Downtown Area,Austin,"5526 North IH-35, Austin, TX 78751-1716",169,205,3,881,136,161,197,155,209,https://www.tripadvisor.com/Hotel_Review-g30196-d142017-Reviews-Super_8_Austin_University_Downtown_Area-Austin_Texas.html,4
AmeriGold Suites,Dallas,"13636 Goldmark Dr, Dallas, TX 75240-4246",169,212,3,7,1,2,1,1,2,https://www.tripadvisor.com/Hotel_Review-g55711-d98712-Reviews-AmeriGold_Suites-Dallas_Texas.html,4
La Quinta Inn Austin Oltorf,Austin,"1603 E Oltorf St, Austin, TX 78741-3814",170,205,2.5,376,45,44,88,84,107,https://www.tripadvisor.com/Hotel_Review-g30196-d98443-Reviews-La_Quinta_Inn_Austin_Oltorf-Austin_Texas.html,4
Garden Inn & Suites,Dallas,"10933 Harry Hines Blvd, Dallas, TX 75220-1315",170,212,2,2,0,0,1,0,0,https://www.tripadvisor.com/Hotel_Review-g55711-d2501834-Reviews-Garden_Inn_Suites-Dallas_Texas.html,4
Days Inn Austin South,Austin,"4220 S Interstate 35, Austin, TX 78745-1202",171,205,2.5,231,21,30,47,59,71,https://www.tripadvisor.com/Hotel_Review-g30196-d109013-Reviews-Days_Inn_Austin_South-Austin_Texas.html,4
Town House Motor Lodge,Dallas,"4150 Independence Dr, Dallas, TX 75237-2911",171,212,2,11,1,0,1,3,6,https://www.tripadvisor.com/Hotel_Review-g55711-d109455-Reviews-Town_House_Motor_Lodge-Dallas_Texas.html,4
Extended Stay America - Austin - Southwest,Austin,"5100 US Hwy 290 W, Austin, TX 78735",172,205,3,140,29,25,22,22,40,https://www.tripadvisor.com/Hotel_Review-g30196-d247103-Reviews-Extended_Stay_America_Austin_Southwest-Austin_Texas.html,4
Clarion Inn Austin North,Austin,"7928 Gessner Dr, Austin, TX 78753-6506",173,205,3.5,193,49,37,41,26,32,https://www.tripadvisor.com/Hotel_Review-g30196-d73763-Reviews-Clarion_Inn_Austin_North-Austin_Texas.html,4
Hotel Ocean,MiamiBeach,"1230 Ocean Dr, Miami Beach, FL 33139-4610",173,214,3.5,558,130,109,64,47,80,https://www.tripadvisor.com/Hotel_Review-g34439-d115186-Reviews-Hotel_Ocean-Miami_Beach_Florida.html,4
Days Inn Austin Crossroads,Austin,"820 E. Anderson Lane, Austin, TX 78752-1638",174,205,3,544,71,95,150,82,134,https://www.tripadvisor.com/Hotel_Review-g30196-d98413-Reviews-Days_Inn_Austin_Crossroads-Austin_Texas.html,4
University Inn Austin North,Austin,"7800 N Interstate 35, Austin, TX 78753-6522",175,205,2.5,143,4,24,42,27,45,https://www.tripadvisor.com/Hotel_Review-g30196-d1635868-Reviews-University_Inn_Austin_North-Austin_Texas.html,4
Hotel Eva,MiamiBeach,"1506 Collins Ave, Miami Beach, FL 33139-3111",175,214,3.5,66,2,11,8,4,4,https://www.tripadvisor.com/Hotel_Review-g34439-d1175334-Reviews-Hotel_Eva-Miami_Beach_Florida.html,4
Rodeway Inn University / Downtown,Austin,"2900 North I-35, Austin, TX 78705-3404",176,205,2,77,5,9,12,9,41,https://www.tripadvisor.com/Hotel_Review-g30196-d98467-Reviews-Rodeway_Inn_University_Downtown-Austin_Texas.html,4
The Mimosa Hotel,MiamiBeach,"6525 Collins Ave, Miami Beach, FL 33141-4755",176,214,3,547,23,36,26,27,36,https://www.tripadvisor.com/Hotel_Review-g34439-d558250-Reviews-The_Mimosa_Hotel-Miami_Beach_Florida.html,4
Motel 6 Austin South - Airport,Austin,"2707 Interregional Highway South, Austin, TX 78741",177,205,2.5,57,6,7,10,7,25,https://www.tripadvisor.com/Hotel_Review-g30196-d243922-Reviews-Motel_6_Austin_South_Airport-Austin_Texas.html,4
Adrian Hotels Miami Beach,MiamiBeach,"1060 Ocean Dr, Miami Beach, FL 33139-5014",177,214,4,1,0,1,0,0,0,https://www.tripadvisor.com/Hotel_Review-g34439-d1159289-Reviews-Adrian_Hotels_Miami_Beach-Miami_Beach_Florida.html,4
Extended Stay America - Austin - Arboretum South,Austin,"9100 Waterford Centre Blvd, Austin, TX 78758-7674",178,205,2.5,99,13,18,14,9,45,https://www.tripadvisor.com/Hotel_Review-g30196-d217736-Reviews-Extended_Stay_America_Austin_Arboretum_South-Austin_Texas.html,4
Empire Condo Suites,MiamiBeach,"750 Collins Ave, Miami Beach, FL 33139-6260",178,214,4,1,0,1,0,0,0,https://www.tripadvisor.com/Hotel_Review-g34439-d645090-Reviews-Empire_Condo_Suites-Miami_Beach_Florida.html,4
Crossland Studios - Austin West,Austin,"12621 Hymeadow Dr, Austin, TX 78729-2700",179,205,2,73,9,5,9,11,37,https://www.tripadvisor.com/Hotel_Review-g30196-d109001-Reviews-Crossland_Studios_Austin_West-Austin_Texas.html,4
Governor Hotel,MiamiBeach,"435 21st St, Miami Beach, FL 33139-1704",179,214,4,1,0,1,0,0,0,https://www.tripadvisor.com/Hotel_Review-g34439-d111903-Reviews-Governor_Hotel-Miami_Beach_Florida.html,4
Motel 6 Austin - Midtown,Austin,"7100 North I-35, Austin, TX 78752",180,205,2,46,1,2,7,12,22,https://www.tripadvisor.com/Hotel_Review-g30196-d98441-Reviews-Motel_6_Austin_Midtown-Austin_Texas.html,4
Starlite Hotel,MiamiBeach,"750 Ocean Dr, Miami Beach, FL 33139-6220",180,214,3,544,47,101,88,50,78,https://www.tripadvisor.com/Hotel_Review-g34439-d86981-Reviews-Starlite_Hotel-Miami_Beach_Florida.html,4
Extended Stay America - Austin - North Central,Austin,"8221 North I-35, Austin, TX 78753",181,205,2,147,16,14,13,28,74,https://www.tripadvisor.com/Hotel_Review-g30196-d217731-Reviews-Extended_Stay_America_Austin_North_Central-Austin_Texas.html,4
The Castle Beach,MiamiBeach,"5445 Collins Ave, Miami Beach, FL 33140-2568",181,214,3,198,2,6,12,6,16,https://www.tripadvisor.com/Hotel_Review-g34439-d604945-Reviews-The_Castle_Beach-Miami_Beach_Florida.html,4
Fairmont Austin,Austin,"101 Red River St, Austin, TX 78701-4646",182,205,2,1,0,0,0,1,0,https://www.tripadvisor.com/Hotel_Review-g30196-d12300617-Reviews-Fairmont_Austin-Austin_Texas.html,4
The Beach Plaza Hotel,MiamiBeach,"1401 Collins Ave, Miami Beach, FL 33139-4103",182,214,3,505,47,78,90,33,82,https://www.tripadvisor.com/Hotel_Review-g34439-d87020-Reviews-The_Beach_Plaza_Hotel-Miami_Beach_Florida.html,4
Abae Hotel,MiamiBeach,"1215 West Ave, Miami Beach, FL 33139-4307",183,214,3.5,62,19,3,5,2,12,https://www.tripadvisor.com/Hotel_Review-g34439-d12023563-Reviews-Abae_Hotel-Miami_Beach_Florida.html,4
Days Resort Oceanfront Miami Beach N,MiamiBeach,"15811 Collins Ave, Miami Beach, FL 33160-4881",184,214,3,21,0,4,1,0,3,https://www.tripadvisor.com/Hotel_Review-g34439-d1164441-Reviews-Days_Resort_Oceanfront_Miami_Beach_N-Miami_Beach_Florida.html,4
Seacoast Suites Hotel,MiamiBeach,"5101 Collins Ave, Miami Beach, FL 33140-2738",185,214,3,348,18,28,29,23,70,https://www.tripadvisor.com/Hotel_Review-g34439-d120537-Reviews-Seacoast_Suites_Hotel-Miami_Beach_Florida.html,4
Century Hotel,MiamiBeach,"140 Ocean Dr, Miami Beach, FL 33139-7213",186,214,3.5,369,41,77,46,22,36,https://www.tripadvisor.com/Hotel_Review-g34439-d85070-Reviews-Century_Hotel-Miami_Beach_Florida.html,4
Adante Hotel,SanFrancisco,"610 Geary St, San Francisco, CA 94102-1647",186,231,3,750,37,146,142,75,67,https://www.tripadvisor.com/Hotel_Review-g60713-d80756-Reviews-Adante_Hotel-San_Francisco_California.html,3
Aqua Hotel,MiamiBeach,"1530 Collins Ave, Miami Beach, FL 33139-3111",187,214,3,126,9,5,5,2,9,https://www.tripadvisor.com/Hotel_Review-g34439-d217418-Reviews-Aqua_Hotel-Miami_Beach_Florida.html,4
Van Ness Inn Hotel,SanFrancisco,"2850 Van Ness Ave, San Francisco, CA 94109-1426",187,231,2.5,238,4,38,35,18,55,https://www.tripadvisor.com/Hotel_Review-g60713-d252811-Reviews-Van_Ness_Inn_Hotel-San_Francisco_California.html,3
Sherbrooke Hotel,MiamiBeach,"901 Collins Ave, Miami Beach, FL 33139-5058",188,214,3.5,215,66,54,22,12,8,https://www.tripadvisor.com/Hotel_Review-g34439-d145476-Reviews-Sherbrooke_Hotel-Miami_Beach_Florida.html,4
Minna Hotel,SanFrancisco,"509 Minna St, San Francisco, CA 94103-2893",188,231,2.5,190,9,25,36,20,32,https://www.tripadvisor.com/Hotel_Review-g60713-d626656-Reviews-Minna_Hotel-San_Francisco_California.html,3
Costa Galana Miami,MiamiBeach,"5445 Collins Ave, Miami Beach, FL 33140-2568",189,214,3,240,1,1,1,0,1,https://www.tripadvisor.com/Hotel_Review-g34439-d1637057-Reviews-Costa_Galana_Miami-Miami_Beach_Florida.html,4
Howard Johnson San Francisco Marina District,SanFrancisco,"1940 Lombard St, San Francisco, CA 94123-2807",189,231,2.5,237,19,42,53,38,47,https://www.tripadvisor.com/Hotel_Review-g60713-d82105-Reviews-Howard_Johnson_San_Francisco_Marina_District-San_Francisco_California.html,3
The Good Hotel,SanFrancisco,"112 7th St, San Francisco, CA 94103-2809",190,231,3,666,37,102,144,74,54,https://www.tripadvisor.com/Hotel_Review-g60713-d81959-Reviews-The_Good_Hotel-San_Francisco_California.html,4
Union Square Plaza Hotel,SanFrancisco,"432 Geary St, San Francisco, CA 94102-1223",191,231,3,534,22,76,97,55,58,https://www.tripadvisor.com/Hotel_Review-g60713-d80806-Reviews-Union_Square_Plaza_Hotel-San_Francisco_California.html,4
Villas at Shelborne,MiamiBeach,"1801 Collins Ave, Miami Beach, FL 33139-7414",192,214,3,24,4,2,1,4,6,https://www.tripadvisor.com/Hotel_Review-g34439-d10404016-Reviews-Villas_at_Shelborne-Miami_Beach_Florida.html,4
Mithila,SanFrancisco,"972 Sutter St, San Francisco, CA 94109-6025",192,231,2.5,283,6,37,47,29,75,https://www.tripadvisor.com/Hotel_Review-g60713-d240893-Reviews-Mithila-San_Francisco_California.html,4
Ocean Spray Hotel,MiamiBeach,"4130 Collins Ave, Miami Beach, FL 33140-3211",193,214,3,427,25,61,58,44,78,https://www.tripadvisor.com/Hotel_Review-g34439-d278075-Reviews-Ocean_Spray_Hotel-Miami_Beach_Florida.html,4
Twin Peaks Hotel,SanFrancisco,"2160 Market St, San Francisco, CA 94114-1319",193,231,3,66,4,10,15,4,10,https://www.tripadvisor.com/Hotel_Review-g60713-d603022-Reviews-Twin_Peaks_Hotel-San_Francisco_California.html,4
Surf Motel,SanFrancisco,"2265 Lombard St, San Francisco, CA 94123-2703",194,231,2.5,228,3,31,37,22,33,https://www.tripadvisor.com/Hotel_Review-g60713-d291071-Reviews-Surf_Motel-San_Francisco_California.html,4
Beach Park Hotel,MiamiBeach,"600 Ocean Dr, Miami Beach, FL 33139-6219",195,214,2.5,507,56,82,64,54,127,https://www.tripadvisor.com/Hotel_Review-g34439-d209721-Reviews-Beach_Park_Hotel-Miami_Beach_Florida.html,4
The Dakota Hotel,SanFrancisco,"606 Post St, San Francisco, CA 94109-8222",195,231,3,186,27,36,22,20,24,https://www.tripadvisor.com/Hotel_Review-g60713-d124967-Reviews-The_Dakota_Hotel-San_Francisco_California.html,4
Harrison Hotel,MiamiBeach,"411 Washington Ave, Miami Beach, FL 33139-6617",196,214,3,512,44,83,67,30,38,https://www.tripadvisor.com/Hotel_Review-g34439-d659490-Reviews-Harrison_Hotel-Miami_Beach_Florida.html,4
SF Plaza Hotel,SanFrancisco,"510 Bush St, San Francisco, CA 94108-3697",196,231,3,460,28,75,99,42,49,https://www.tripadvisor.com/Hotel_Review-g60713-d81976-Reviews-SF_Plaza_Hotel-San_Francisco_California.html,4
Hotel North Beach,SanFrancisco,"935 Kearny St, San Francisco, CA 94133-5156",197,231,2.5,346,15,48,76,38,45,https://www.tripadvisor.com/Hotel_Review-g60713-d217294-Reviews-Hotel_North_Beach-San_Francisco_California.html,4
Oasis Inn,SanFrancisco,"900 Franklin St, San Francisco, CA 94109-7796",198,231,2.5,202,3,17,32,14,25,https://www.tripadvisor.com/Hotel_Review-g60713-d81524-Reviews-Oasis_Inn-San_Francisco_California.html,4
Vantaggio Suites Jefferson Square,SanFrancisco,"835 Turk St, San Francisco, CA 94102-7100",199,231,2.5,12,1,1,0,2,1,https://www.tripadvisor.com/Hotel_Review-g60713-d674036-Reviews-Vantaggio_Suites_Jefferson_Square-San_Francisco_California.html,4
Calista Organic Hotel,SanFrancisco,"1485 Bush St, San Francisco, CA 94109-5520",200,231,3,133,31,26,14,10,33,https://www.tripadvisor.com/Hotel_Review-g60713-d8827516-Reviews-Calista_Organic_Hotel-San_Francisco_California.html,4
The Monarch Hotel,SanFrancisco,"1015 Geary St, San Francisco, CA 94109-6902",201,231,2.5,430,17,64,105,43,70,https://www.tripadvisor.com/Hotel_Review-g60713-d80788-Reviews-The_Monarch_Hotel-San_Francisco_California.html,4
Layne Hotel,SanFrancisco,"545 Jones St, San Francisco, CA 94102-2007",202,231,3,262,45,46,30,28,59,https://www.tripadvisor.com/Hotel_Review-g60713-d224957-Reviews-Layne_Hotel-San_Francisco_California.html,4
Americas Best Value Inn & Suites-SOMA,SanFrancisco,"10 Hallam St, San Francisco, CA 94103-3907",203,231,3,170,10,41,29,20,34,https://www.tripadvisor.com/Hotel_Review-g60713-d288687-Reviews-Americas_Best_Value_Inn_Suites_SOMA-San_Francisco_California.html,4
Civic Center Motor Inn,SanFrancisco,"364 9th St, San Francisco, CA 94103-3836",204,231,3,348,52,65,65,36,41,https://www.tripadvisor.com/Hotel_Review-g60713-d80879-Reviews-Civic_Center_Motor_Inn-San_Francisco_California.html,4
Aida Hotel,SanFrancisco,"1087 Market St, San Francisco, CA 94103-1605",205,231,2.5,359,13,26,70,49,63,https://www.tripadvisor.com/Hotel_Review-g60713-d291689-Reviews-Aida_Hotel-San_Francisco_California.html,4
Quality Suites Otay Mesa,SanDiego,"2351 Otay Center Dr, San Diego, CA 92154-7640",214,286,4,78,29,18,10,8,5,https://www.tripadvisor.com/Hotel_Review-g60750-d83322-Reviews-Quality_Suites_Otay_Mesa-San_Diego_California.html,4
Comfort Suites San Diego Miramar,SanDiego,"9880 Mira Mesa Blvd, San Diego, CA 92131-1025",215,286,3.5,251,67,68,49,25,31,https://www.tripadvisor.com/Hotel_Review-g60750-d83895-Reviews-Comfort_Suites_San_Diego_Miramar-San_Diego_California.html,4
Beachcomber Shores,SanDiego,"907 Turquoise St, San Diego, CA 92109-1145",216,286,3.5,22,6,4,3,2,5,https://www.tripadvisor.com/Hotel_Review-g60750-d79896-Reviews-Beachcomber_Shores-San_Diego_California.html,4
Navajo Lodge,SanDiego,"5721 El Cajon Blvd, San Diego, CA 92115-3738",217,286,3,6,2,1,0,1,2,https://www.tripadvisor.com/Hotel_Review-g60750-d2239487-Reviews-Navajo_Lodge-San_Diego_California.html,4
Prime Inn San Diego,SanDiego,"1722 Palm Ave, San Diego, CA 92154-1149",219,286,3,8,1,3,1,0,2,https://www.tripadvisor.com/Hotel_Review-g60750-d224489-Reviews-Prime_Inn_San_Diego-San_Diego_California.html,4
Motel 6 San Diego Hotel Circle- Mission Valley,SanDiego,"2424 Hotel Cir N, San Diego, CA 92108-2811",223,286,3,192,15,35,43,32,41,https://www.tripadvisor.com/Hotel_Review-g60750-d80246-Reviews-Motel_6_San_Diego_Hotel_Circle_Mission_Valley-San_Diego_California.html,4
Extended Stay America - San Diego - Mission Valley - Stadium,SanDiego,"3860 Murphy Canyon Rd, San Diego, CA 92123-4403",224,286,3.5,135,49,27,22,10,25,https://www.tripadvisor.com/Hotel_Review-g60750-d247027-Reviews-Extended_Stay_America_San_Diego_Mission_Valley_Stadium-San_Diego_California.html,4
Super 8 San Diego/Imperial Beach,SanDiego,"1788 Palm Ave, San Diego, CA 92154-1149",225,286,2.5,282,29,44,60,51,86,https://www.tripadvisor.com/Hotel_Review-g60750-d119726-Reviews-Super_8_San_Diego_Imperial_Beach-San_Diego_California.html,4
Motel 6 San Diego Airport - Harbor,SanDiego,"2353 Pacific Hwy, San Diego, CA 92101-1746",226,286,2.5,164,9,24,50,23,29,https://www.tripadvisor.com/Hotel_Review-g60750-d80615-Reviews-Motel_6_San_Diego_Airport_Harbor-San_Diego_California.html,4
Extended Stay America - San Diego - Sorrento Mesa,SanDiego,"9880 Pacific Heights Blvd, San Diego, CA 92121-4702",227,286,3.5,117,41,24,13,11,26,https://www.tripadvisor.com/Hotel_Review-g60750-d223027-Reviews-Extended_Stay_America_San_Diego_Sorrento_Mesa-San_Diego_California.html,4
California Suites Hotel,SanDiego,"5415 Clairemont Mesa Blvd, San Diego, CA 92117-2308",229,286,3,322,38,86,48,32,48,https://www.tripadvisor.com/Hotel_Review-g60750-d79880-Reviews-California_Suites_Hotel-San_Diego_California.html,4
Americas Best Value Inn Loma Lodge,SanDiego,"3202 Rosecrans Street, San Diego, CA 92110",232,286,3.5,206,61,37,38,12,29,https://www.tripadvisor.com/Hotel_Review-g60750-d119753-Reviews-Americas_Best_Value_Inn_Loma_Lodge-San_Diego_California.html,4
Extended Stay America - San Diego - Hotel Circle,SanDiego,"2087 Hotel Cir S, San Diego, CA 92108-3313",233,286,3.5,226,69,39,30,29,48,https://www.tripadvisor.com/Hotel_Review-g60750-d224242-Reviews-Extended_Stay_America_San_Diego_Hotel_Circle-San_Diego_California.html,4
Hotel Occidental,SanDiego,"410 Elm St, San Diego, CA 92101-2613",234,286,4,102,50,19,6,14,12,https://www.tripadvisor.com/Hotel_Review-g60750-d590139-Reviews-Hotel_Occidental-San_Diego_California.html,4
Premier Inns Mission Valley,SanDiego,"2484 Hotel Circle Pl, San Diego, CA 92108-2812",235,286,3,98,17,21,20,7,14,https://www.tripadvisor.com/Hotel_Review-g60750-d119748-Reviews-Premier_Inns_Mission_Valley-San_Diego_California.html,4
Days Inn Mission Valley Qualcomm Stadium/ SDSU,SanDiego,"5343 Adobe Falls Rd, San Diego, CA 92120-4403",236,286,2.5,649,74,117,142,136,162,https://www.tripadvisor.com/Hotel_Review-g60750-d80280-Reviews-Days_Inn_Mission_Valley_Qualcomm_Stadium_SDSU-San_Diego_California.html,4
Extended Stay America - San Diego - Fashion Valley,SanDiego,"7444 Mission Valley Rd, San Diego, CA 92108-4406",238,286,3,167,48,22,16,27,50,https://www.tripadvisor.com/Hotel_Review-g60750-d119755-Reviews-Extended_Stay_America_San_Diego_Fashion_Valley-San_Diego_California.html,4
Motel 6 San Diego North,SanDiego,"5592 Clairemont Mesa Blvd, San Diego, CA 92117-2347",239,286,3,26,2,7,7,3,5,https://www.tripadvisor.com/Hotel_Review-g60750-d80249-Reviews-Motel_6_San_Diego_North-San_Diego_California.html,4
Heritage Inn San Diego Near Sea World,SanDiego,"3333 Channel Way, San Diego, CA 92110-5102",241,286,2.5,197,24,31,40,29,49,https://www.tripadvisor.com/Hotel_Review-g60750-d226601-Reviews-Heritage_Inn_San_Diego_Near_Sea_World-San_Diego_California.html,4
Ocean Beach Cottages,SanDiego,"5065 Brighton Ave, San Diego, CA 92107-2507",242,286,3,17,2,7,1,1,6,https://www.tripadvisor.com/Hotel_Review-g60750-d258654-Reviews-Ocean_Beach_Cottages-San_Diego_California.html,4
WoodSpring Suites Orlando East,Orlando,"216 S Goldenrod Rd, Orlando, FL 32807-8201",279,340,3,43,16,5,4,4,12,https://www.tripadvisor.com/Hotel_Review-g34515-d1484267-Reviews-WoodSpring_Suites_Orlando_East-Orlando_Florida.html,4
Quality Inn & Suites Winter Park Village Area,Orlando,"626 Lee Rd, Orlando, FL 32810-5610",280,340,3,104,23,20,23,10,21,https://www.tripadvisor.com/Hotel_Review-g34515-d85365-Reviews-Quality_Inn_Suites_Winter_Park_Village_Area-Orlando_Florida.html,4
Suburban Extended Stay South,Orlando,"9435 Delegates Dr, Orlando, FL 32837-8347",281,340,2.5,109,27,8,8,12,39,https://www.tripadvisor.com/Hotel_Review-g34515-d223741-Reviews-Suburban_Extended_Stay_South-Orlando_Florida.html,4
Villas of Disney Institute,Orlando,"1960 N Magnolia Way, Orlando, FL 32830-8417",282,340,4,4,1,2,0,0,0,https://www.tripadvisor.com/Hotel_Review-g34515-d125205-Reviews-Villas_of_Disney_Institute-Orlando_Florida.html,4
The Palace Hotel and Resorts,Orlando,"4919 W Colonial Dr, Orlando, FL 32808-7703",283,340,2,13,1,2,1,1,8,https://www.tripadvisor.com/Hotel_Review-g34515-d85287-Reviews-The_Palace_Hotel_and_Resorts-Orlando_Florida.html,4
Orlando UCF Extended Stay Hotel,Orlando,"11424 University Blvd, Orlando, FL 32817-2109",284,340,3.5,4,1,0,0,1,1,https://www.tripadvisor.com/Hotel_Review-g34515-d226252-Reviews-Orlando_UCF_Extended_Stay_Hotel-Orlando_Florida.html,4
Crossland Economy Studios - Orlando - UCF Area,Orlando,"12350 E Colonial Dr, Orlando, FL 32826-4704",285,340,2.5,18,1,3,5,1,6,https://www.tripadvisor.com/Hotel_Review-g34515-d87909-Reviews-Crossland_Economy_Studios_Orlando_UCF_Area-Orlando_Florida.html,4
Starlight Inn,LosAngeles,"7535 Winnetka Ave, Los Angeles, CA 91306-2929",286,357,1.5,21,0,2,1,1,14,https://www.tripadvisor.com/Hotel_Review-g32655-d1223148-Reviews-Starlight_Inn-Los_Angeles_California.html,4
Quality Suites,Orlando,"7400 Canada Ave, Orlando, FL 32819-8282",286,340,3,11,0,0,0,2,2,https://www.tripadvisor.com/Hotel_Review-g34515-d12666174-Reviews-Quality_Suites-Orlando_Florida.html,4
Crenshaw Inn Motel,LosAngeles,"6303 Crenshaw Blvd, Los Angeles, CA 90043-3905",287,357,2.5,43,6,4,1,1,9,https://www.tripadvisor.com/Hotel_Review-g32655-d7234925-Reviews-Crenshaw_Inn_Motel-Los_Angeles_California.html,4
Quality Suites Universal South,Orlando,"9350 Turkey Lake Rd, Orlando, FL 32819-7319",287,340,3,630,41,91,100,76,122,https://www.tripadvisor.com/Hotel_Review-g34515-d85280-Reviews-Quality_Suites_Universal_South-Orlando_Florida.html,4
Midtown Inn,LosAngeles,"9133 Sepulveda Blvd, Los Angeles, CA 91343-3920",288,357,2.5,2,0,1,0,0,1,https://www.tripadvisor.com/Hotel_Review-g32655-d4291560-Reviews-Midtown_Inn-Los_Angeles_California.html,4
Golden West Manor Motel,LosAngeles,"3700 S Western Ave, Los Angeles, CA 90018-4432",289,357,2.5,23,2,3,1,1,4,https://www.tripadvisor.com/Hotel_Review-g32655-d1628828-Reviews-Golden_West_Manor_Motel-Los_Angeles_California.html,4
Quality Inn Orlando Airport,Orlando,"2601 McCoy Rd, Orlando, FL 32809-7833",289,340,3,399,52,75,74,54,71,https://www.tripadvisor.com/Hotel_Review-g34515-d85334-Reviews-Quality_Inn_Orlando_Airport-Orlando_Florida.html,4
Motel 6 Los Angeles Sylmar,LosAngeles,"12775 Encinitas Ave, Los Angeles, CA 91342-3517",290,357,2.5,62,4,12,10,16,15,https://www.tripadvisor.com/Hotel_Review-g32655-d82304-Reviews-Motel_6_Los_Angeles_Sylmar-Los_Angeles_California.html,4
Red Carpet Inn Orlando,Orlando,"3956 W Colonial Dr, Orlando, FL 32808-7926",290,340,2,24,2,3,0,1,14,https://www.tripadvisor.com/Hotel_Review-g34515-d85322-Reviews-Red_Carpet_Inn_Orlando-Orlando_Florida.html,4
Econo Lodge Inn & Suites,Orlando,"8700 S Orange Blossom Trl, Orlando, FL 32809-7912",291,340,3,654,123,79,90,68,113,https://www.tripadvisor.com/Hotel_Review-g34515-d601616-Reviews-Econo_Lodge_Inn_Suites-Orlando_Florida.html,4
Marina Seven Motel,LosAngeles,"2435 Lincoln Blvd, Los Angeles, CA 90291-5040",292,357,2,37,1,5,3,5,10,https://www.tripadvisor.com/Hotel_Review-g32655-d575416-Reviews-Marina_Seven_Motel-Los_Angeles_California.html,4
WoodSpring Suites Orlando South,Orlando,"10401 S John Young Pkwy, Orlando, FL 32837-4023",292,340,3,34,8,2,3,5,10,https://www.tripadvisor.com/Hotel_Review-g34515-d1391717-Reviews-WoodSpring_Suites_Orlando_South-Orlando_Florida.html,4
Parliament House Resort,Orlando,"410 N Orange Blossom Trl, Orlando, FL 32805-1706",293,340,3,133,23,20,23,34,24,https://www.tripadvisor.com/Hotel_Review-g34515-d680297-Reviews-Parliament_House_Resort-Orlando_Florida.html,4
Clarion Inn & Suites At International Drive,Orlando,"9956 Hawaiian Ct, Orlando, FL 32819-8101",294,340,3,19,0,2,5,1,5,https://www.tripadvisor.com/Hotel_Review-g34515-d85370-Reviews-Clarion_Inn_Suites_At_International_Drive-Orlando_Florida.html,4
Days Inn Windcrest ( San Antonio - Northeast),SanAntonio,"9401 N Interstate 35, San Antonio, TX 78233-6604",294,358,2,231,26,19,29,39,108,https://www.tripadvisor.com/Hotel_Review-g60956-d108933-Reviews-Days_Inn_Windcrest_San_Antonio_Northeast-San_Antonio_Texas.html,4
Extended Stay America - Los Angeles - Woodland Hills,LosAngeles,"20205 Ventura Blvd, Los Angeles, CA 91364-2551",295,357,2.5,140,26,15,17,21,57,https://www.tripadvisor.com/Hotel_Review-g32655-d226056-Reviews-Extended_Stay_America_Los_Angeles_Woodland_Hills-Los_Angeles_California.html,4
Budget Suites of America San Antonio,SanAntonio,"7880 Fredericksburg Road, San Antonio, TX 78240",295,358,2.5,29,2,5,3,4,13,https://www.tripadvisor.com/Hotel_Review-g60956-d577395-Reviews-Budget_Suites_of_America_San_Antonio-San_Antonio_Texas.html,4
Lincoln Inn,LosAngeles,"2477 Lincoln Blvd, Los Angeles, CA 90291-5040",296,357,2.5,16,1,2,2,3,4,https://www.tripadvisor.com/Hotel_Review-g32655-d84202-Reviews-Lincoln_Inn-Los_Angeles_California.html,4
Heart of I-Drive,Orlando,"7200 International Dr, Orlando, FL 32819-8255",296,340,3,834,63,88,89,68,108,https://www.tripadvisor.com/Hotel_Review-g34515-d575029-Reviews-Heart_of_I_Drive-Orlando_Florida.html,4
Studio 6 San Antonio - Airport,SanAntonio,"11221 San Pedro Ave, San Antonio, TX 78216-3119",296,358,2.5,33,2,9,7,5,9,https://www.tripadvisor.com/Hotel_Review-g60956-d108493-Reviews-Studio_6_San_Antonio_Airport-San_Antonio_Texas.html,4
Good Knight Inn Motel,LosAngeles,"9247 Sepulveda Blvd, Los Angeles, CA 91343-3922",297,357,2,2,0,0,0,0,1,https://www.tripadvisor.com/Hotel_Review-g32655-d271525-Reviews-Good_Knight_Inn_Motel-Los_Angeles_California.html,4
Motel 6 Orlando International Drive,Orlando,"5909 American Way, Orlando, FL 32819-8201",297,340,3,297,27,36,45,35,55,https://www.tripadvisor.com/Hotel_Review-g34515-d120280-Reviews-Motel_6_Orlando_International_Drive-Orlando_Florida.html,4
Garden Inn Motel,SanAntonio,"2907 W Travis St, San Antonio, TX 78207-3339",297,358,2,1,0,0,0,1,0,https://www.tripadvisor.com/Hotel_Review-g60956-d2510946-Reviews-Garden_Inn_Motel-San_Antonio_Texas.html,4
Sandpiper Motel,LosAngeles,"4112 S Central Ave, Los Angeles, CA 90011-3111",298,357,2.5,34,0,3,2,6,7,https://www.tripadvisor.com/Hotel_Review-g32655-d2505057-Reviews-Sandpiper_Motel-Los_Angeles_California.html,4
Sunstyle Suites,Orlando,"7209 S Orange Blossom Trl, Orlando, FL 32809-5718",298,340,2.5,71,1,15,17,7,18,https://www.tripadvisor.com/Hotel_Review-g34515-d488633-Reviews-Sunstyle_Suites-Orlando_Florida.html,4
Vista Motel,LosAngeles,"4180 City Terrace Dr, Los Angeles, CA 90063-1172",299,357,1.5,3,0,0,1,0,2,https://www.tripadvisor.com/Hotel_Review-g32655-d1931273-Reviews-Vista_Motel-Los_Angeles_California.html,4
Extend A Suites-San Antonio,SanAntonio,"9735 Interstate Highway 35 North, San Antonio, TX 78233",299,358,2,13,1,1,2,2,6,https://www.tripadvisor.com/Hotel_Review-g60956-d73250-Reviews-Extend_A_Suites_San_Antonio-San_Antonio_Texas.html,4
Red Roof Inn San Antonio I-10 East,SanAntonio,"4403 I-10 East, San Antonio, TX 78219",300,358,2,99,12,6,11,12,50,https://www.tripadvisor.com/Hotel_Review-g60956-d99419-Reviews-Red_Roof_Inn_San_Antonio_I_10_East-San_Antonio_Texas.html,4
Century Wilshire,LosAngeles,"10776 Wilshire Blvd, Los Angeles, CA 90024-6432",301,357,2.5,25,6,1,3,6,9,https://www.tripadvisor.com/Hotel_Review-g32655-d76446-Reviews-Century_Wilshire-Los_Angeles_California.html,4
Motel 6 Orlando-Winter Park,Orlando,"5300 Adanson St, Orlando, FL 32810-5502",301,340,2.5,58,6,5,15,5,19,https://www.tripadvisor.com/Hotel_Review-g34515-d244070-Reviews-Motel_6_Orlando_Winter_Park-Orlando_Florida.html,4
Econo Lodge San Antonio,SanAntonio,"10815 I-35 N, San Antonio, TX 78233",301,358,2.5,46,7,2,5,8,20,https://www.tripadvisor.com/Hotel_Review-g60956-d1165123-Reviews-Econo_Lodge_San_Antonio-San_Antonio_Texas.html,4
Rodeway Inn near Venice Beach,LosAngeles,"11933 W Washington Blvd, Los Angeles, CA 90066-5825",302,357,2.5,60,8,11,7,10,18,https://www.tripadvisor.com/Hotel_Review-g32655-d84365-Reviews-Rodeway_Inn_near_Venice_Beach-Los_Angeles_California.html,4
Econo Inn Lackland,SanAntonio,"6301 Old Hwy 90 West, San Antonio, TX 78227",302,358,2,19,0,3,0,5,9,https://www.tripadvisor.com/Hotel_Review-g60956-d550977-Reviews-Econo_Inn_Lackland-San_Antonio_Texas.html,4
Jet Inn,LosAngeles,"4542 W Slauson Ave, Los Angeles, CA 90043-2720",303,357,2,13,0,0,1,0,0,https://www.tripadvisor.com/Hotel_Review-g32655-d6620992-Reviews-Jet_Inn-Los_Angeles_California.html,4
Clarion Hotel Orlando International Airport,Orlando,"3835 McCoy Rd, Orlando, FL 32812-4114",303,340,2.5,225,33,27,37,31,85,https://www.tripadvisor.com/Hotel_Review-g34515-d10100705-Reviews-Clarion_Hotel_Orlando_International_Airport-Orlando_Florida.html,4
Motel 6 San Antonio - Fiesta Trails,SanAntonio,"9447 I-10 West, San Antonio, TX 78230",303,358,2,21,1,2,2,3,13,https://www.tripadvisor.com/Hotel_Review-g60956-d108857-Reviews-Motel_6_San_Antonio_Fiesta_Trails-San_Antonio_Texas.html,4
Panorama Motel,LosAngeles,"8209 Sepulveda Blvd, Los Angeles, CA 91402-4306",304,357,2.5,4,0,1,0,0,2,https://www.tripadvisor.com/Hotel_Review-g32655-d1629217-Reviews-Panorama_Motel-Los_Angeles_California.html,4
Ever Kleen Motel,SanAntonio,"1306 Roosevelt Ave, San Antonio, TX 78210-4630",304,358,2.5,2,0,1,0,0,1,https://www.tripadvisor.com/Hotel_Review-g60956-d6643957-Reviews-Ever_Kleen_Motel-San_Antonio_Texas.html,4
Motel 6 San Antonio - Fiesta,SanAntonio,"16500 W Interstate 10, San Antonio, TX 78257-2503",305,358,2.5,67,7,11,9,11,24,https://www.tripadvisor.com/Hotel_Review-g60956-d239972-Reviews-Motel_6_San_Antonio_Fiesta-San_Antonio_Texas.html,4
Hometown Inn,LosAngeles,"9401 Sepulveda Blvd, Los Angeles, CA 91343-3304",306,357,2.5,14,2,1,2,1,7,https://www.tripadvisor.com/Hotel_Review-g32655-d271479-Reviews-Hometown_Inn-Los_Angeles_California.html,4
Seaway Motel,LosAngeles,"5961 Venice Blvd, Los Angeles, CA 90034-1793",307,357,2,7,0,1,1,2,3,https://www.tripadvisor.com/Hotel_Review-g32655-d1645834-Reviews-Seaway_Motel-Los_Angeles_California.html,4
Budgetel Inn & Suites,SanAntonio,"2635 NE Loop 410, San Antonio, TX 78217-5608",307,358,2.5,28,7,2,3,3,11,https://www.tripadvisor.com/Hotel_Review-g60956-d239974-Reviews-Budgetel_Inn_Suites-San_Antonio_Texas.html,4
Budget Motel LAX,LosAngeles,"2123 W Florence Ave, Los Angeles, CA 90047-2138",308,357,2,5,1,0,0,0,3,https://www.tripadvisor.com/Hotel_Review-g32655-d4886015-Reviews-Budget_Motel_LAX-Los_Angeles_California.html,4
Americas Best Value Inn Riverwalk Downtown/Market Square,SanAntonio,"900 N Main Ave, San Antonio, TX 78212-4729",308,358,2,154,5,16,28,28,65,https://www.tripadvisor.com/Hotel_Review-g60956-d99513-Reviews-Americas_Best_Value_Inn_Riverwalk_Downtown_Market_Square-San_Antonio_Texas.html,4
City Center Hotel,LosAngeles,"1135 W 7th St, Los Angeles, CA 90017-2409",309,357,2,98,1,10,9,7,28,https://www.tripadvisor.com/Hotel_Review-g32655-d1591524-Reviews-City_Center_Hotel-Los_Angeles_California.html,4
Mustang Inn and Suites,SanAntonio,"3538 SW Military Dr, San Antonio, TX 78211-3624",309,358,1.5,7,0,1,0,2,4,https://www.tripadvisor.com/Hotel_Review-g60956-d2462694-Reviews-Mustang_Inn_and_Suites-San_Antonio_Texas.html,4
Rodeway Inn Canoga Park,LosAngeles,"7435 Winnetka Ave, Los Angeles, CA 91306-2969",310,357,1.5,4,0,0,0,0,3,https://www.tripadvisor.com/Hotel_Review-g32655-d5556244-Reviews-Rodeway_Inn_Canoga_Park-Los_Angeles_California.html,4
Travelodge San Antonio Downtown,SanAntonio,"1122 S Laredo Street, San Antonio, TX 78204-3214",311,358,2,192,20,11,20,34,100,https://www.tripadvisor.com/Hotel_Review-g60956-d108255-Reviews-Travelodge_San_Antonio_Downtown-San_Antonio_Texas.html,4
River Inn Motel,SanAntonio,"909 S Frio St, San Antonio, TX 78207-5627",312,358,2.5,9,0,4,0,1,3,https://www.tripadvisor.com/Hotel_Review-g60956-d614476-Reviews-River_Inn_Motel-San_Antonio_Texas.html,4
Sierra Royale,SanAntonio,"6300 Rue Marielyne St, San Antonio, TX 78238-1647",313,358,2.5,12,3,1,0,0,8,https://www.tripadvisor.com/Hotel_Review-g60956-d108577-Reviews-Sierra_Royale-San_Antonio_Texas.html,4
Rodeway Inn San Antonio Near AT&T Center,SanAntonio,"211 N Ww White Rd, San Antonio, TX 78219-4116",314,358,2,20,1,1,4,4,8,https://www.tripadvisor.com/Hotel_Review-g60956-d293240-Reviews-Rodeway_Inn_San_Antonio_Near_AT_T_Center-San_Antonio_Texas.html,4
Knights Inn San Antonio East,SanAntonio,"5530 I-10 East Exit 582, San Antonio, TX 78219",315,358,2,17,0,1,3,3,6,https://www.tripadvisor.com/Hotel_Review-g60956-d99508-Reviews-Knights_Inn_San_Antonio_East-San_Antonio_Texas.html,4
InTown Suites San Antonio East,SanAntonio,"9530 Perrin Beitel Rd, San Antonio, TX 78217-3509",316,358,1.5,3,0,0,0,2,1,https://www.tripadvisor.com/Hotel_Review-g60956-d223690-Reviews-InTown_Suites_San_Antonio_East-San_Antonio_Texas.html,4
InTown Suites Houston 290 Hollister,Houston,"12925 Northwest Fwy, Houston, TX 77040-6303",431,517,2,5,0,0,0,1,3,https://www.tripadvisor.com/Hotel_Review-g56003-d223189-Reviews-InTown_Suites_Houston_290_Hollister-Houston_Texas.html,4
Rodeway Inn & Suites Medical Center,Houston,"6712 Morningside Dr, Houston, TX 77030-1908",433,517,1.5,46,0,3,7,7,26,https://www.tripadvisor.com/Hotel_Review-g56003-d99131-Reviews-Rodeway_Inn_Suites_Medical_Center-Houston_Texas.html,4
InTown Suites I-45 North,Houston,"16909 Rolling Creek Dr, Houston, TX 77090-3799",434,517,1.5,5,0,0,0,2,3,https://www.tripadvisor.com/Hotel_Review-g56003-d223185-Reviews-InTown_Suites_I_45_North-Houston_Texas.html,4
Knights Inn Houston North IAH,Houston,"12500 North Fwy, Houston, TX 77060-1317",435,517,2.5,3,1,0,0,0,1,https://www.tripadvisor.com/Hotel_Review-g56003-d98934-Reviews-Knights_Inn_Houston_North_IAH-Houston_Texas.html,4
InTown Suites Highway 290,Houston,"14041 Northwest Fwy, Houston, TX 77040-5117",436,517,2.5,3,0,1,0,1,1,https://www.tripadvisor.com/Hotel_Review-g56003-d223184-Reviews-InTown_Suites_Highway_290-Houston_Texas.html,4
InTown Suites Highway 6,Houston,"9155 Highway 6 N, Houston, TX 77095-2302",437,517,2,5,1,0,0,2,2,https://www.tripadvisor.com/Hotel_Review-g56003-d1901111-Reviews-InTown_Suites_Highway_6-Houston_Texas.html,4
Camelot Inn & Suites,Houston,"10807 Veterans Memorial Dr, Houston, TX 77067-3762",438,517,2.5,5,1,0,2,0,2,https://www.tripadvisor.com/Hotel_Review-g56003-d649739-Reviews-Camelot_Inn_Suites-Houston_Texas.html,4
Palace Inn Sam Houston Parkway North,Houston,"5420 E Sam Houston Pkwy N, Houston, TX 77015-3267",441,517,3,5,0,2,2,0,1,https://www.tripadvisor.com/Hotel_Review-g56003-d1484167-Reviews-Palace_Inn_Sam_Houston_Parkway_North-Houston_Texas.html,4
Venetian Inn & Suites Houston Airport,Houston,"6 N Sam Houston Pkwy E, Houston, TX 77060-1821",442,517,2,15,2,2,0,1,9,https://www.tripadvisor.com/Hotel_Review-g56003-d99024-Reviews-Venetian_Inn_Suites_Houston_Airport-Houston_Texas.html,4
Bear Creek Inn,Houston,"4204 Highway 6 N, Houston, TX 77084-5412",443,517,2.5,3,0,0,2,0,1,https://www.tripadvisor.com/Hotel_Review-g56003-d2152775-Reviews-Bear_Creek_Inn-Houston_Texas.html,4
Romana Hotel,Houston,"6885 Southwest Fwy, Houston, TX 77074-2103",444,517,1.5,5,0,1,0,0,4,https://www.tripadvisor.com/Hotel_Review-g56003-d7736841-Reviews-Romana_Hotel-Houston_Texas.html,4
Scottish Inn Hobby Airport,Houston,"8381 Broadway St, Houston, TX 77061-1801",445,517,1.5,2,0,0,0,1,1,https://www.tripadvisor.com/Hotel_Review-g56003-d98946-Reviews-Scottish_Inn_Hobby_Airport-Houston_Texas.html,4
Frontier Hotel,Houston,"11230 Southwest Fwy, Houston, TX 77031-3604",447,517,2,39,3,4,2,6,20,https://www.tripadvisor.com/Hotel_Review-g56003-d223156-Reviews-Frontier_Hotel-Houston_Texas.html,4
Memorial Inn & Suites,Houston,"9535 Katy Fwy, Houston, TX 77024-1401",448,517,1.5,24,0,0,3,7,13,https://www.tripadvisor.com/Hotel_Review-g56003-d141902-Reviews-Memorial_Inn_Suites-Houston_Texas.html,4
Hobby Airport Inn,Houston,"8800 Airport Blvd, Houston, TX 77061-3400",449,517,2.5,174,25,19,21,24,83,https://www.tripadvisor.com/Hotel_Review-g56003-d1627951-Reviews-Hobby_Airport_Inn-Houston_Texas.html,4
Stay Express Inn & Suites Houston Hobby Airport,Houston,"9902 Gulf Fwy, Houston, TX 77034-1043",450,517,1.5,371,11,15,38,58,238,https://www.tripadvisor.com/Hotel_Review-g56003-d99013-Reviews-Stay_Express_Inn_Suites_Houston_Hobby_Airport-Houston_Texas.html,4
Studio 6 Houston Northwest,Houston,"14255 Northwest Fwy, Houston, TX 77040-5015",451,517,2,8,0,2,0,2,4,https://www.tripadvisor.com/Hotel_Review-g56003-d239859-Reviews-Studio_6_Houston_Northwest-Houston_Texas.html,4
Red Carpet Inn Houston,Houston,"6868 Hornwood Dr, Houston, TX 77074-3608",452,517,1,11,0,0,0,2,8,https://www.tripadvisor.com/Hotel_Review-g56003-d240435-Reviews-Red_Carpet_Inn_Houston-Houston_Texas.html,4
Houston Inn and Suites,Houston,"2200 S Wayside Dr, Houston, TX 77023-3909",453,517,2,13,0,1,1,1,8,https://www.tripadvisor.com/Hotel_Review-g56003-d98940-Reviews-Houston_Inn_and_Suites-Houston_Texas.html,4
Americas Best Value Inn I-45 North Houston,Houston,"16510 North Fwy, Houston, TX 77090-5102",454,517,1.5,38,2,1,6,5,23,https://www.tripadvisor.com/Hotel_Review-g56003-d98972-Reviews-Americas_Best_Value_Inn_I_45_North_Houston-Houston_Texas.html,4
